User_ID,Completed,Time_Spent_Hours,Course_Type,Age,Device_Used
1,No,14.92203121,Creative,31,Tablet
2,No,16.46483279,Creative,24,Desktop
3,Yes,8.50436151,Technical,39,Mobile
4,No,15.36793096,Business,37,Desktop
5,No,17.14843416,Business,49,Tablet
6,No,14.77401508,Technical,39,Desktop
7,Yes,21.58535225,Technical,37,Desktop
8,No,25.29854623,Creative,29,Desktop
9,Yes,24.87891443,Business,49,Tablet
10,Yes,15.30031574,Creative,49,Desktop
11,Yes,16.49777311,Creative,58,Desktop
12,No,17.59009893,Creative,53,Tablet
13,No,14.77464844,Technical,31,Desktop
14,Yes,6.563668802,Technical,45,Tablet
15,No,18.85584901,Business,51,Desktop
16,No,15.7304881,Business,59,Desktop
17,Yes,13.63017127,Technical,23,Tablet
18,Yes,19.94392298,Creative,34,Desktop
19,Yes,15.43659753,Creative,33,Tablet
20,Yes,14.38055256,Creative,19,Tablet
21,Yes,18.43572032,Creative,27,Desktop
22,No,18.45395094,Business,56,Desktop
23,No,20.35079231,Business,24,Tablet
24,Yes,11.26169613,Business,38,Desktop
25,No,9.630233253,Business,57,Tablet
26,Yes,16.98466358,Technical,24,Mobile
27,Yes,11.50701217,Business,34,Mobile
28,No,19.65309153,Technical,59,Tablet
29,Yes,9.29035467,Business,30,Desktop
30,Yes,3.937272282,Creative,21,Tablet
31,No,14.38608164,Business,57,Mobile
32,Yes,20.02572928,Creative,58,Mobile
33,Yes,15.78816445,Creative,19,Mobile
34,Yes,8.302132,Business,23,Desktop
35,No,14.71917572,Technical,32,Mobile
36,Yes,18.77453983,Creative,26,Mobile
37,Yes,20.58443132,Business,40,Tablet
38,Yes,13.90065284,Business,22,Tablet
39,No,12.39364982,Technical,59,Tablet
40,Yes,8.469621491,Business,19,Desktop
41,No,12.18299764,Creative,59,Tablet
42,No,19.16993708,Business,22,Desktop
43,No,10.33218368,Business,39,Desktop
44,No,20.59619681,Technical,50,Desktop
45,Yes,10.19657648,Creative,31,Mobile
46,No,25.01603498,Business,52,Tablet
47,Yes,15.92139079,Business,39,Tablet
48,No,16.38951299,Technical,36,Mobile
49,No,4.442967036,Technical,25,Mobile
50,Yes,21.54926512,Creative,52,Desktop
51,Yes,7.854719708,Business,34,Desktop
52,No,22.48756976,Creative,24,Mobile
53,Yes,18.50141535,Technical,18,Desktop
54,Yes,12.86151689,Creative,27,Mobile
55,No,13.53397191,Creative,49,Tablet
56,Yes,21.79045287,Technical,34,Desktop
57,Yes,22.08709591,Creative,24,Desktop
58,Yes,24.36313975,Creative,43,Desktop
59,Yes,5.110268944,Business,44,Tablet
60,Yes,20.63470048,Business,35,Desktop
61,Yes,12.70073145,Business,50,Mobile
62,No,21.07320563,Business,49,Desktop
63,No,11.59607104,Technical,45,Desktop
64,No,18.95033319,Technical,32,Mobile
65,Yes,13.52611662,Business,50,Tablet
66,No,19.65249953,Technical,58,Mobile
67,Yes,18.63033708,Technical,41,Mobile
68,No,18.31311997,Technical,41,Desktop
69,Yes,20.3174131,Business,36,Mobile
70,Yes,15.82880971,Business,26,Desktop
71,No,12.61993811,Business,36,Tablet
72,Yes,22.48436498,Business,22,Desktop
73,Yes,5.700154002,Business,46,Mobile
74,No,2.874555683,Business,36,Mobile
75,Yes,8.210243405,Creative,41,Desktop
76,Yes,20.00896055,Technical,30,Desktop
77,No,15.93784456,Business,49,Desktop
78,Yes,18.05029387,Technical,56,Desktop
79,Yes,20.40480011,Technical,40,Tablet
80,Yes,8.739708296,Creative,27,Tablet
81,No,8.945755795,Creative,42,Tablet
82,No,20.39970165,Technical,30,Mobile
83,Yes,5.096810242,Technical,53,Desktop
84,No,21.39117318,Technical,56,Mobile
85,Yes,14.14574881,Technical,43,Mobile
86,Yes,25.95820156,Business,24,Tablet
87,No,3.831544617,Business,45,Tablet
88,Yes,11.08418026,Technical,33,Tablet
89,No,19.96499238,Technical,36,Mobile
90,Yes,10.12817398,Creative,36,Desktop
91,No,15.86806792,Creative,30,Desktop
92,No,6.956193344,Business,21,Tablet
93,No,23.6714664,Creative,46,Tablet
94,No,17.49942969,Business,56,Desktop
95,No,15.13301067,Technical,35,Tablet
96,Yes,12.28665,Creative,57,Mobile
97,No,17.75064371,Technical,18,Desktop
98,Yes,7.333386026,Creative,50,Mobile
99,No,8.865261687,Technical,53,Desktop
100,No,12.87608374,Creative,25,Mobile
101,No,10.23727883,Technical,56,Desktop
102,Yes,9.333260308,Technical,52,Tablet
103,Yes,6.781045019,Creative,43,Desktop
104,No,18.64435547,Business,59,Desktop
105,No,1.169949273,Creative,40,Desktop
106,No,14.87295476,Technical,33,Mobile
107,No,11.61830973,Business,48,Desktop
108,No,2.286683532,Creative,22,Tablet
109,No,9.842777488,Business,49,Mobile
110,Yes,17.3188764,Business,39,Tablet
111,No,14.88698227,Business,49,Tablet
112,No,12.05439849,Business,37,Mobile
113,No,4.924645387,Technical,23,Mobile
114,Yes,9.914893667,Business,46,Mobile
115,No,16.28875116,Creative,30,Desktop
116,Yes,18.25544022,Technical,28,Desktop
117,Yes,13.96938857,Creative,57,Desktop
118,No,14.86854287,Technical,47,Mobile
119,No,16.65473407,Creative,48,Tablet
120,No,10.81604283,Creative,47,Desktop
121,Yes,15.07447547,Business,41,Tablet
122,No,18.72399384,Business,22,Desktop
123,No,16.50826434,Technical,39,Tablet
124,No,12.83981976,Business,37,Tablet
125,No,20.54748382,Business,34,Tablet
126,Yes,22.45485348,Business,45,Tablet
127,No,23.37374835,Creative,51,Desktop
128,No,18.02435887,Technical,52,Mobile
129,No,9.992160782,Business,33,Mobile
130,No,12.36293264,Creative,45,Desktop
131,No,8.951920269,Business,44,Tablet
132,No,29.76059888,Technical,41,Tablet
133,No,19.22610165,Creative,55,Mobile
134,Yes,18.46872615,Business,53,Tablet
135,Yes,15.21450532,Business,22,Tablet
136,No,19.3280839,Business,27,Mobile
137,Yes,17.64664428,Creative,40,Tablet
138,Yes,6.760414263,Technical,52,Mobile
139,Yes,10.78989229,Creative,23,Desktop
140,No,13.22403936,Business,36,Desktop
141,Yes,15.7761407,Business,43,Mobile
142,Yes,11.31977873,Business,53,Tablet
143,No,20.07121346,Technical,56,Desktop
144,No,25.41731959,Business,18,Desktop
145,Yes,23.43424515,Technical,45,Desktop
146,Yes,16.7667461,Creative,38,Desktop
147,Yes,14.55221581,Technical,19,Desktop
148,Yes,11.59637949,Creative,41,Tablet
149,Yes,27.60128173,Technical,47,Desktop
150,Yes,24.14266439,Creative,38,Tablet
151,Yes,24.32216015,Creative,40,Desktop
152,Yes,11.1516864,Technical,18,Mobile
153,No,8.227324592,Creative,37,Tablet
154,Yes,15.21651796,Business,23,Desktop
155,No,17.43743455,Technical,47,Tablet
156,Yes,16.77032687,Technical,28,Mobile
157,No,16.06702295,Business,58,Tablet
158,No,15.25544094,Business,45,Mobile
159,No,13.58413094,Creative,26,Tablet
160,Yes,21.21699033,Creative,39,Tablet
161,Yes,14.41984516,Technical,59,Desktop
162,Yes,15.49047448,Creative,38,Desktop
163,Yes,11.48855557,Technical,29,Desktop
164,No,12.22778507,Technical,37,Mobile
165,Yes,14.94662029,Business,48,Tablet
166,No,11.98472234,Creative,37,Desktop
167,Yes,13.08095251,Technical,39,Mobile
168,Yes,15.92798275,Business,57,Mobile
169,No,14.90772899,Business,30,Desktop
170,Yes,15.03074508,Technical,54,Desktop
171,No,24.54875465,Creative,40,Mobile
172,Yes,23.34498798,Technical,49,Tablet
173,Yes,9.496513412,Creative,36,Mobile
174,No,17.00551001,Technical,49,Tablet
175,No,9.740948115,Creative,36,Tablet
176,No,9.460778206,Business,42,Tablet
177,No,17.52942312,Creative,28,Tablet
178,No,15.56239618,Technical,25,Desktop
179,Yes,10.53005833,Creative,51,Tablet
180,Yes,14.18663056,Technical,32,Desktop
181,Yes,13.98700858,Technical,37,Desktop
182,No,18.54002379,Business,35,Mobile
183,Yes,15.07277212,Business,26,Tablet
184,No,9.678449349,Business,34,Desktop
185,No,10.21404313,Business,20,Desktop
186,Yes,14.18097671,Technical,41,Tablet
187,Yes,14.93127539,Creative,38,Tablet
188,No,13.26293225,Business,52,Mobile
189,No,15.76187751,Business,18,Tablet
190,Yes,14.55633644,Technical,20,Desktop
191,Yes,12.0381209,Technical,38,Tablet
192,No,13.67451696,Technical,43,Desktop
193,No,18.28513051,Creative,39,Mobile
194,No,5.625752744,Creative,20,Mobile
195,No,19.15214341,Technical,19,Tablet
196,Yes,11.19122494,Technical,19,Mobile
197,Yes,14.66981735,Creative,22,Mobile
198,No,8.708223742,Business,28,Desktop
199,Yes,20.2927356,Creative,42,Tablet
200,No,23.25815576,Technical,29,Tablet
201,No,15.55817953,Creative,35,Desktop
202,No,14.10725264,Technical,30,Mobile
203,Yes,11.54073769,Business,59,Tablet
204,Yes,23.46933005,Business,31,Desktop
205,Yes,12.99258976,Technical,29,Desktop
206,No,24.42461975,Technical,40,Tablet
207,No,13.15288409,Creative,36,Desktop
208,No,21.37805589,Business,31,Tablet
209,No,11.86105803,Creative,51,Mobile
210,No,9.254277085,Technical,28,Tablet
211,No,20.75495822,Business,28,Tablet
212,No,18.42429865,Business,52,Tablet
213,No,10.58889695,Creative,57,Mobile
214,Yes,15.90837633,Technical,52,Tablet
215,Yes,12.98351155,Business,24,Mobile
216,No,15.07534744,Business,44,Desktop
217,No,3.652245438,Technical,55,Mobile
218,Yes,16.82310251,Technical,26,Desktop
219,No,9.796827176,Business,52,Tablet
220,Yes,15.31170131,Creative,51,Tablet
221,No,5.086809593,Technical,25,Tablet
222,Yes,25.00463635,Technical,48,Tablet
223,No,15.03498827,Business,45,Desktop
224,No,11.79941608,Creative,33,Tablet
225,No,22.74514521,Business,29,Tablet
226,No,12.53883448,Business,23,Mobile
227,No,14.12845297,Business,37,Mobile
228,No,18.79190734,Technical,59,Tablet
229,No,10.56007345,Business,22,Mobile
230,No,4.051998154,Business,53,Tablet
231,Yes,12.20801416,Business,20,Desktop
232,No,6.991671694,Business,21,Mobile
233,Yes,12.85607137,Business,31,Desktop
234,No,14.01999162,Technical,37,Mobile
235,No,12.75554125,Creative,54,Mobile
236,Yes,8.121677014,Technical,56,Mobile
237,No,20.24826605,Technical,55,Mobile
238,Yes,20.59702824,Technical,52,Tablet
239,No,11.36219022,Creative,30,Desktop
240,No,23.30948776,Business,27,Mobile
241,No,11.74354857,Business,24,Tablet
242,No,19.25557502,Technical,23,Mobile
243,No,12.53054339,Business,42,Mobile
244,No,22.26304422,Technical,41,Tablet
245,No,12.33880375,Business,19,Tablet
246,Yes,19.36606346,Technical,24,Tablet
247,Yes,15.59626669,Business,31,Tablet
248,No,15.7526019,Business,56,Mobile
249,Yes,7.473998921,Technical,36,Mobile
250,No,13.76885369,Business,27,Mobile
251,No,16.61713058,Creative,49,Desktop
252,No,6.771534189,Technical,23,Desktop
253,Yes,21.41642235,Business,54,Desktop
254,Yes,12.86025239,Creative,34,Tablet
255,Yes,19.95898204,Technical,54,Desktop
256,Yes,19.58441928,Business,20,Tablet
257,Yes,13.17506823,Technical,40,Desktop
258,No,21.2433998,Technical,38,Mobile
259,Yes,11.79445147,Business,39,Tablet
260,Yes,16.03526397,Technical,30,Mobile
261,No,12.10880608,Creative,21,Tablet
262,Yes,16.84263565,Business,51,Tablet
263,No,11.64931748,Creative,23,Mobile
264,No,13.38050544,Business,22,Tablet
265,Yes,13.41007211,Creative,37,Desktop
266,No,13.4046355,Business,44,Desktop
267,No,10.63524235,Creative,58,Desktop
268,No,15.74432528,Business,19,Tablet
269,No,19.04203642,Technical,49,Tablet
270,No,10.08294081,Creative,48,Mobile
271,Yes,16.05987269,Creative,42,Desktop
272,No,14.80935745,Business,38,Mobile
273,No,18.79209373,Creative,35,Desktop
274,No,10.34248761,Business,26,Desktop
275,Yes,9.98705625,Technical,53,Tablet
276,No,13.77311705,Creative,37,Mobile
277,No,17.03828045,Creative,24,Tablet
278,No,12.95623816,Creative,41,Desktop
279,No,14.30724594,Technical,55,Mobile
280,Yes,14.86446654,Creative,25,Tablet
281,No,25.28992841,Business,54,Desktop
282,Yes,23.1850296,Business,19,Mobile
283,No,16.79849337,Business,20,Tablet
284,No,19.63574349,Business,35,Tablet
285,Yes,17.32166993,Technical,40,Desktop
286,No,17.75430521,Technical,39,Desktop
287,No,8.23849699,Technical,27,Desktop
288,Yes,21.78015191,Business,24,Mobile
289,No,20.14901346,Creative,29,Desktop
290,No,10.9864108,Business,40,Mobile
291,Yes,13.33207666,Technical,43,Mobile
292,Yes,25.76576219,Business,35,Mobile
293,No,16.31610564,Business,58,Desktop
294,No,17.85584372,Creative,28,Tablet
295,No,20.20822451,Technical,38,Tablet
296,Yes,8.983981276,Creative,29,Mobile
297,No,12.80392908,Technical,46,Mobile
298,Yes,13.11502191,Technical,34,Tablet
299,Yes,12.88981974,Technical,24,Tablet
300,No,22.88977493,Business,42,Mobile
301,Yes,16.95708142,Technical,41,Tablet
302,Yes,15.64641342,Business,24,Tablet
303,Yes,14.50581011,Technical,22,Desktop
304,Yes,7.065989222,Creative,32,Mobile
305,Yes,12.4614887,Technical,19,Tablet
306,No,9.364983475,Creative,41,Desktop
307,No,11.18301036,Business,48,Desktop
308,No,21.34735777,Creative,48,Desktop
309,Yes,13.35796786,Business,27,Desktop
310,No,15.42217428,Business,19,Desktop
311,Yes,12.11801583,Creative,52,Tablet
312,Yes,21.67500157,Creative,51,Mobile
313,Yes,18.43269924,Technical,43,Mobile
314,No,15.55330616,Technical,48,Mobile
315,Yes,17.99357398,Business,23,Tablet
316,Yes,19.49721187,Technical,19,Mobile
317,No,23.22060693,Technical,39,Mobile
318,No,12.26150432,Business,46,Mobile
319,Yes,19.12781769,Technical,37,Desktop
320,No,13.98238828,Technical,22,Tablet
321,Yes,15.66177396,Creative,55,Tablet
322,No,16.6217871,Technical,37,Mobile
323,No,11.81482836,Creative,41,Desktop
324,Yes,20.09963937,Business,30,Desktop
325,No,16.12946469,Business,45,Tablet
326,Yes,15.8716529,Creative,58,Desktop
327,Yes,21.33931603,Creative,44,Mobile
328,Yes,24.01481506,Creative,48,Desktop
329,No,16.43411409,Business,36,Desktop
330,No,23.36954043,Creative,36,Desktop
331,Yes,10.58207088,Technical,59,Desktop
332,No,12.65513675,Creative,36,Desktop
333,No,9.824684849,Technical,32,Desktop
334,No,16.91646238,Business,41,Mobile
335,No,12.83444646,Technical,59,Desktop
336,No,12.73726563,Technical,30,Mobile
337,Yes,15.81905228,Technical,48,Desktop
338,No,15.92282526,Technical,56,Tablet
339,Yes,15.18985235,Business,25,Desktop
340,No,11.85227287,Technical,45,Tablet
341,No,13.09108085,Creative,40,Mobile
342,No,16.31430208,Technical,30,Mobile
343,No,15.40052173,Creative,29,Desktop
344,No,17.74901456,Technical,56,Tablet
345,No,12.80785575,Creative,35,Tablet
346,Yes,11.62794065,Creative,18,Tablet
347,No,6.338046933,Creative,40,Tablet
348,No,6.867957766,Technical,27,Desktop
349,No,16.85848437,Creative,19,Mobile
350,Yes,12.26130746,Technical,59,Tablet
351,No,24.9863689,Technical,49,Tablet
352,No,12.28244187,Creative,59,Mobile
353,Yes,15.23821661,Creative,31,Mobile
354,Yes,5.367559219,Business,24,Mobile
355,No,16.46038069,Technical,27,Desktop
356,No,15.14649654,Creative,50,Mobile
357,Yes,15.08496633,Business,38,Tablet
358,Yes,18.05951812,Business,36,Mobile
359,No,8.461087457,Technical,49,Tablet
360,No,14.82332948,Technical,21,Tablet
361,Yes,9.699171238,Creative,29,Desktop
362,Yes,13.95661084,Creative,46,Desktop
363,No,18.68157838,Business,38,Tablet
364,Yes,13.97192013,Technical,49,Tablet
365,No,10.85241333,Creative,52,Mobile
366,Yes,15.06486618,Creative,43,Desktop
367,No,13.68376622,Technical,18,Desktop
368,No,15.6546802,Business,38,Desktop
369,Yes,22.72321262,Business,25,Desktop
370,No,13.64008885,Creative,26,Mobile
371,Yes,13.81456133,Technical,44,Mobile
372,No,9.209598997,Creative,23,Mobile
373,No,16.77059497,Business,54,Mobile
374,No,14.40450138,Creative,36,Tablet
375,Yes,15.85783818,Business,59,Tablet
376,No,11.42151219,Technical,30,Tablet
377,Yes,15.60926579,Creative,50,Desktop
378,Yes,5.985028626,Creative,51,Tablet
379,No,18.49201945,Technical,48,Desktop
380,Yes,6.205865811,Creative,38,Desktop
381,Yes,15.55129574,Technical,35,Tablet
382,No,15.28258997,Technical,58,Tablet
383,Yes,15.00219476,Creative,41,Desktop
384,No,8.776592602,Technical,27,Mobile
385,Yes,13.51734667,Business,43,Mobile
386,Yes,10.16232264,Creative,37,Tablet
387,No,16.96176109,Technical,26,Tablet
388,Yes,13.43683087,Technical,50,Mobile
389,Yes,12.31466923,Technical,37,Mobile
390,No,9.747672212,Technical,20,Mobile
391,No,16.48036696,Technical,54,Desktop
392,No,10.01165664,Business,36,Tablet
393,No,9.922281611,Business,45,Mobile
394,No,11.39547893,Business,30,Tablet
395,No,14.4176691,Business,31,Mobile
396,No,16.87984973,Technical,43,Tablet
397,No,17.60483867,Business,47,Mobile
398,Yes,16.78748252,Creative,46,Desktop
399,No,16.31861241,Business,39,Mobile
400,No,15.92294929,Creative,47,Mobile
401,No,23.54469594,Business,28,Tablet
402,No,15.86414546,Creative,59,Desktop
403,No,24.02998687,Technical,41,Desktop
404,Yes,13.08159722,Technical,20,Mobile
405,No,13.03217946,Creative,31,Desktop
406,Yes,14.4213728,Technical,49,Mobile
407,Yes,10.39562816,Business,54,Tablet
408,No,16.98062151,Creative,51,Mobile
409,No,22.87150412,Creative,44,Tablet
410,Yes,17.96322087,Technical,22,Tablet
411,No,13.42872662,Business,36,Desktop
412,No,12.28055716,Technical,43,Tablet
413,No,18.17313719,Technical,49,Desktop
414,No,17.0136193,Technical,55,Mobile
415,Yes,14.73383378,Business,36,Mobile
416,No,6.869802198,Technical,38,Tablet
417,No,19.32651608,Business,48,Desktop
418,No,17.72426037,Technical,22,Mobile
419,No,14.6723935,Business,32,Tablet
420,Yes,12.04282979,Business,58,Tablet
421,Yes,12.62337882,Business,51,Mobile
422,No,13.43032091,Creative,59,Desktop
423,No,18.26828844,Creative,40,Desktop
424,No,28.16209752,Technical,42,Tablet
425,No,4.982909915,Business,39,Tablet
426,No,6.682874523,Business,27,Tablet
427,No,25.07097125,Technical,39,Tablet
428,Yes,17.62411051,Business,34,Mobile
429,No,9.740079274,Technical,42,Mobile
430,No,12.88696067,Business,59,Mobile
431,Yes,18.66618816,Technical,31,Mobile
432,Yes,6.187454248,Business,44,Mobile
433,No,17.70612467,Creative,48,Desktop
434,Yes,11.19146714,Creative,56,Mobile
435,Yes,15.68616153,Creative,46,Mobile
436,Yes,22.28319078,Creative,37,Desktop
437,Yes,6.458293799,Technical,31,Tablet
438,No,15.49813368,Technical,50,Tablet
439,Yes,17.07344138,Business,33,Tablet
440,Yes,14.18365507,Technical,31,Mobile
441,Yes,14.75179419,Technical,57,Tablet
442,No,15.18781445,Technical,58,Tablet
443,No,12.02748656,Technical,49,Mobile
444,No,14.10587011,Technical,34,Desktop
445,No,10.16710029,Technical,24,Tablet
446,Yes,5.320440366,Technical,32,Mobile
447,No,15.91550287,Technical,30,Mobile
448,Yes,9.301811143,Technical,58,Desktop
449,No,13.88329197,Business,35,Desktop
450,No,7.627704816,Business,30,Desktop
451,Yes,16.01922255,Business,29,Desktop
452,No,13.68241939,Technical,31,Mobile
453,No,6.360081616,Technical,47,Mobile
454,No,11.09362856,Technical,53,Mobile
455,Yes,14.52425551,Business,46,Tablet
456,No,10.21799123,Technical,45,Tablet
457,Yes,22.09458266,Technical,23,Tablet
458,Yes,17.33765877,Business,38,Mobile
459,No,12.18452268,Business,42,Tablet
460,No,3.510167429,Creative,35,Mobile
461,Yes,15.25156245,Business,59,Tablet
462,No,18.39934236,Technical,34,Tablet
463,Yes,29.91576669,Creative,26,Tablet
464,No,17.04394591,Technical,48,Mobile
465,No,5.865025322,Business,33,Mobile
466,No,21.99202768,Business,31,Desktop
467,Yes,18.0921964,Technical,50,Mobile
468,Yes,12.85001528,Creative,43,Desktop
469,Yes,12.32744437,Technical,33,Mobile
470,No,10.86889253,Business,53,Tablet
471,No,13.38546657,Technical,23,Mobile
472,Yes,11.43906451,Business,48,Desktop
473,Yes,22.45544666,Creative,48,Tablet
474,Yes,14.50966736,Technical,24,Desktop
475,No,8.883021283,Creative,45,Mobile
476,No,11.29382434,Technical,21,Desktop
477,No,15.68391899,Business,28,Tablet
478,No,15.64727288,Technical,52,Mobile
479,No,19.6203532,Business,29,Mobile
480,Yes,19.06411826,Business,21,Tablet
481,No,17.4471061,Creative,45,Tablet
482,No,15.81432,Business,50,Desktop
483,No,19.79619066,Technical,41,Mobile
484,Yes,12.9267771,Technical,52,Desktop
485,Yes,14.85947727,Creative,32,Desktop
486,Yes,12.03720545,Technical,56,Tablet
487,No,14.69175009,Business,31,Tablet
488,Yes,19.21854932,Creative,20,Tablet
489,Yes,13.83145716,Technical,55,Tablet
490,No,11.38984559,Creative,36,Desktop
491,Yes,23.35253659,Creative,44,Desktop
492,Yes,5.534059121,Business,56,Tablet
493,No,9.189621437,Creative,40,Desktop
494,No,13.14597083,Technical,34,Tablet
495,Yes,10.58834289,Business,29,Desktop
496,Yes,21.20218097,Business,29,Mobile
497,Yes,17.99080385,Technical,49,Tablet
498,Yes,12.96299875,Creative,45,Tablet
499,Yes,14.77693629,Creative,46,Tablet
500,Yes,18.54062798,Business,21,Tablet
501,No,11.94820684,Creative,19,Desktop
502,No,13.45524063,Business,56,Tablet
503,Yes,4.345037181,Creative,56,Mobile
504,No,4.422489998,Creative,19,Desktop
505,No,8.292389581,Business,24,Desktop
506,No,12.85643945,Creative,22,Desktop
507,Yes,15.57011703,Business,19,Tablet
508,No,14.97983384,Creative,44,Desktop
509,No,23.78352872,Creative,45,Desktop
510,Yes,9.83349652,Technical,29,Mobile
511,No,7.929278047,Creative,31,Tablet
512,Yes,15.92220609,Technical,46,Tablet
513,No,16.61097317,Creative,47,Mobile
514,No,11.35796335,Business,42,Mobile
515,No,22.1928504,Technical,40,Tablet
516,No,13.45865475,Technical,46,Mobile
517,No,14.44903494,Technical,44,Tablet
518,Yes,18.95547619,Business,56,Tablet
519,Yes,9.811566298,Business,44,Mobile
520,No,11.84053974,Creative,54,Tablet
521,Yes,16.01046647,Creative,19,Mobile
522,Yes,12.70243917,Business,32,Mobile
523,No,10.8971157,Technical,37,Tablet
524,Yes,18.33913826,Business,36,Desktop
525,Yes,14.90396902,Creative,54,Desktop
526,Yes,13.84477323,Creative,37,Mobile
527,No,19.96482468,Business,28,Desktop
528,Yes,18.34135375,Creative,54,Mobile
529,Yes,7.001914155,Business,28,Tablet
530,No,7.739477781,Business,20,Tablet
531,No,4.259647134,Creative,29,Mobile
532,No,11.70935543,Creative,24,Desktop
533,Yes,21.97140061,Technical,48,Tablet
534,Yes,17.63948588,Business,35,Desktop
535,Yes,11.90873463,Business,52,Mobile
536,Yes,15.98663892,Business,24,Desktop
537,No,11.17417756,Technical,19,Mobile
538,No,19.67420059,Business,44,Desktop
539,Yes,24.09057492,Business,26,Mobile
540,Yes,8.470649421,Creative,52,Tablet
541,Yes,9.466029777,Business,25,Desktop
542,No,16.51107589,Creative,39,Desktop
543,No,12.60468142,Business,54,Desktop
544,Yes,12.58478162,Technical,31,Tablet
545,Yes,19.96187945,Business,22,Desktop
546,Yes,13.95972378,Business,31,Desktop
547,Yes,15.26570052,Technical,47,Mobile
548,Yes,18.14455703,Creative,32,Mobile
549,No,15.54218356,Technical,59,Desktop
550,No,14.55873045,Creative,44,Mobile
551,Yes,17.34996154,Creative,45,Mobile
552,Yes,14.91245909,Creative,38,Mobile
553,Yes,13.1284866,Creative,36,Desktop
554,No,16.85111715,Creative,28,Tablet
555,No,26.50038388,Technical,29,Mobile
556,Yes,17.29563541,Technical,38,Mobile
557,Yes,13.05187734,Technical,56,Desktop
558,No,20.29307101,Creative,20,Desktop
559,No,18.4034443,Business,54,Tablet
560,No,15.91077891,Creative,35,Tablet
561,No,25.94910205,Creative,39,Tablet
562,Yes,23.15734852,Technical,22,Tablet
563,Yes,17.38696058,Creative,28,Mobile
564,Yes,15.94175685,Creative,59,Tablet
565,No,23.90447804,Creative,52,Tablet
566,No,4.800170567,Technical,31,Mobile
567,Yes,13.15981551,Technical,26,Tablet
568,Yes,16.98103169,Creative,23,Tablet
569,Yes,23.56711304,Creative,46,Tablet
570,No,17.7509948,Creative,56,Tablet
571,Yes,9.812262066,Technical,20,Desktop
572,No,15.38659528,Technical,41,Mobile
573,Yes,27.30697088,Business,40,Tablet
574,No,6.080651794,Technical,27,Tablet
575,No,10.01413182,Business,50,Tablet
576,No,12.81867898,Creative,47,Desktop
577,Yes,19.20868927,Business,41,Mobile
578,Yes,7.627232501,Creative,45,Tablet
579,Yes,15.25956413,Business,47,Tablet
580,No,14.24033659,Business,56,Desktop
581,Yes,17.43337357,Business,35,Mobile
582,Yes,18.95623676,Creative,41,Desktop
583,Yes,18.52683628,Creative,28,Mobile
584,Yes,12.73304252,Creative,36,Mobile
585,No,20.3598168,Business,58,Tablet
586,Yes,14.00804642,Business,40,Tablet
587,No,18.88757429,Business,20,Tablet
588,Yes,12.53026812,Technical,28,Desktop
589,No,12.55877933,Technical,31,Desktop
590,Yes,11.12337725,Technical,20,Tablet
591,Yes,26.64678227,Creative,57,Tablet
592,No,22.66711837,Technical,55,Tablet
593,Yes,8.135260119,Business,43,Mobile
594,No,12.09286269,Business,41,Mobile
595,No,18.86043645,Technical,25,Desktop
596,Yes,15.19017742,Creative,56,Mobile
597,Yes,18.01440818,Business,32,Desktop
598,No,11.27337487,Technical,47,Tablet
599,Yes,21.87779437,Technical,38,Tablet
600,No,13.7963696,Creative,40,Mobile
601,Yes,14.48564568,Technical,42,Desktop
602,Yes,7.772555153,Business,53,Desktop
603,Yes,9.415226915,Technical,56,Desktop
604,No,26.25109407,Business,18,Mobile
605,Yes,10.82845309,Creative,53,Tablet
606,Yes,4.41393372,Technical,28,Mobile
607,Yes,21.8113831,Business,51,Mobile
608,No,11.76210652,Business,31,Mobile
609,Yes,16.00054759,Creative,52,Tablet
610,No,14.44996359,Business,29,Desktop
611,No,24.07474282,Business,37,Tablet
612,Yes,10.78602461,Technical,37,Mobile
613,No,22.32078913,Creative,24,Tablet
614,No,14.7664988,Creative,29,Desktop
615,Yes,28.50489497,Business,18,Desktop
616,No,24.41400664,Creative,41,Tablet
617,No,6.302775487,Business,48,Tablet
618,Yes,22.22644773,Technical,35,Mobile
619,No,17.14138588,Creative,57,Tablet
620,No,13.47862134,Business,48,Tablet
621,Yes,18.6288088,Business,52,Tablet
622,No,13.70104819,Business,33,Tablet
623,No,-4.417307904,Technical,41,Tablet
624,No,17.39096524,Business,22,Mobile
625,Yes,14.40302261,Creative,29,Desktop
626,No,12.98579037,Technical,45,Desktop
627,No,17.37645047,Technical,49,Tablet
628,No,18.22736757,Technical,33,Tablet
629,No,14.10035012,Business,23,Desktop
630,Yes,17.6514143,Business,34,Mobile
631,No,17.88983111,Creative,58,Desktop
632,No,13.29186387,Creative,56,Tablet
633,No,16.83424617,Creative,23,Mobile
634,Yes,21.51027764,Technical,18,Mobile
635,No,16.79868194,Creative,47,Tablet
636,No,21.19720177,Technical,36,Mobile
637,Yes,14.70070343,Technical,43,Desktop
638,No,15.66993818,Technical,37,Mobile
639,Yes,6.073296427,Creative,54,Mobile
640,No,22.32963157,Creative,50,Desktop
641,Yes,10.01322418,Technical,25,Mobile
642,Yes,15.89093439,Creative,28,Tablet
643,Yes,19.9436021,Technical,24,Tablet
644,No,13.89913721,Technical,41,Tablet
645,Yes,18.1599949,Creative,49,Desktop
646,Yes,11.81353151,Creative,29,Desktop
647,No,16.167975,Technical,45,Mobile
648,No,15.22143603,Business,36,Desktop
649,No,26.44677248,Business,56,Tablet
650,Yes,13.90127682,Business,39,Mobile
651,Yes,20.70751708,Business,47,Mobile
652,No,13.62585215,Business,47,Tablet
653,No,5.804012935,Business,52,Desktop
654,No,17.1230046,Technical,54,Mobile
655,Yes,19.22475999,Creative,36,Desktop
656,Yes,13.14491348,Technical,22,Desktop
657,Yes,18.52073046,Business,56,Mobile
658,No,7.919964788,Business,22,Desktop
659,No,16.99540269,Technical,32,Mobile
660,No,8.477280507,Business,27,Tablet
661,No,18.09606204,Business,58,Tablet
662,No,16.70647204,Creative,29,Mobile
663,No,13.72227087,Business,27,Desktop
664,Yes,11.93799436,Business,40,Mobile
665,No,15.94297771,Creative,52,Mobile
666,No,15.09690153,Business,44,Mobile
667,Yes,17.67244834,Creative,58,Desktop
668,No,16.75425174,Creative,31,Tablet
669,No,22.00804651,Technical,51,Mobile
670,No,18.17114205,Technical,29,Desktop
671,Yes,14.13679581,Technical,27,Desktop
672,Yes,17.79944985,Creative,23,Tablet
673,No,14.593943,Business,32,Desktop
674,Yes,14.20756224,Technical,50,Desktop
675,Yes,16.68257263,Technical,42,Mobile
676,No,14.43564514,Creative,54,Desktop
677,Yes,13.05259316,Business,19,Desktop
678,Yes,17.195611,Technical,23,Mobile
679,No,19.66340155,Technical,41,Mobile
680,Yes,2.726846918,Technical,46,Desktop
681,Yes,21.78901541,Technical,40,Desktop
682,No,15.46807747,Creative,18,Desktop
683,Yes,12.40026534,Business,40,Desktop
684,No,21.43875792,Business,34,Tablet
685,Yes,10.76291704,Technical,36,Tablet
686,No,17.07462623,Creative,45,Tablet
687,No,21.93260634,Technical,20,Desktop
688,Yes,8.699711196,Creative,25,Desktop
689,No,13.16006168,Technical,33,Desktop
690,Yes,3.564647934,Business,44,Mobile
691,No,19.21064216,Business,26,Tablet
692,No,13.73116239,Technical,48,Desktop
693,No,21.07415305,Business,27,Tablet
694,Yes,15.51922908,Creative,37,Mobile
695,Yes,17.08539272,Creative,27,Mobile
696,No,14.67574655,Business,56,Desktop
697,Yes,17.19142367,Business,28,Mobile
698,Yes,8.109518657,Technical,48,Desktop
699,No,15.39748726,Business,20,Mobile
700,Yes,20.25098617,Technical,39,Desktop
701,Yes,20.97000969,Business,31,Mobile
702,Yes,9.03224517,Business,23,Desktop
703,Yes,16.69535748,Business,47,Tablet
704,No,11.90376832,Technical,37,Tablet
705,Yes,13.08382047,Technical,33,Mobile
706,No,13.21781392,Technical,49,Tablet
707,Yes,11.4928776,Creative,29,Desktop
708,Yes,13.43960716,Technical,22,Tablet
709,Yes,15.09518712,Business,59,Mobile
710,No,12.12306586,Technical,22,Tablet
711,Yes,11.74784299,Creative,26,Mobile
712,Yes,8.081942594,Business,36,Mobile
713,Yes,8.034144051,Creative,22,Mobile
714,No,13.69312751,Business,32,Mobile
715,Yes,20.36186333,Technical,19,Desktop
716,No,7.603868068,Business,27,Desktop
717,No,16.59207001,Business,28,Mobile
718,Yes,9.109172369,Creative,25,Desktop
719,Yes,15.83436897,Creative,55,Mobile
720,No,22.10269258,Technical,40,Desktop
721,Yes,10.87475541,Business,29,Tablet
722,No,13.23113973,Business,33,Tablet
723,No,18.23340478,Creative,51,Desktop
724,No,20.57964934,Creative,28,Desktop
725,No,11.0890793,Creative,31,Mobile
726,No,19.30798636,Technical,42,Tablet
727,No,14.80518601,Business,19,Tablet
728,Yes,15.05050666,Creative,24,Tablet
729,Yes,15.71088044,Business,58,Desktop
730,No,12.71374338,Business,20,Desktop
731,No,14.57188204,Business,56,Desktop
732,Yes,18.0507569,Creative,26,Desktop
733,No,10.94326303,Technical,25,Desktop
734,No,15.36995367,Business,37,Tablet
735,Yes,11.73773057,Creative,52,Desktop
736,Yes,17.33414035,Business,35,Desktop
737,No,7.365923088,Technical,44,Mobile
738,Yes,11.74128454,Business,49,Desktop
739,No,16.1786698,Creative,42,Mobile
740,No,13.75744022,Technical,55,Desktop
741,No,11.27930451,Business,53,Desktop
742,No,19.7204164,Creative,32,Tablet
743,Yes,19.15117,Business,45,Desktop
744,No,21.49762443,Business,39,Desktop
745,No,20.88621456,Creative,44,Tablet
746,Yes,16.05289484,Creative,45,Desktop
747,No,22.56809914,Creative,45,Desktop
748,No,21.88208302,Technical,21,Tablet
749,No,28.17423986,Creative,47,Desktop
750,Yes,13.32089473,Technical,49,Tablet
751,No,20.62976292,Creative,38,Tablet
752,No,22.09727663,Creative,38,Tablet
753,Yes,10.36485867,Business,50,Tablet
754,No,19.64440051,Business,43,Tablet
755,No,14.25733219,Technical,41,Desktop
756,No,12.19231058,Business,53,Tablet
757,Yes,11.77025696,Technical,19,Mobile
758,No,15.56795756,Technical,42,Desktop
759,Yes,16.11290219,Creative,23,Tablet
760,Yes,14.37807149,Technical,53,Tablet
761,No,12.87549131,Creative,27,Desktop
762,No,3.967052851,Technical,24,Mobile
763,No,16.48907925,Creative,59,Tablet
764,Yes,11.78513441,Creative,53,Desktop
765,No,13.19847669,Business,58,Desktop
766,Yes,12.46515371,Technical,31,Tablet
767,Yes,11.47143746,Business,45,Tablet
768,No,20.25129767,Creative,33,Tablet
769,Yes,19.70081892,Creative,27,Desktop
770,No,14.88208596,Creative,38,Tablet
771,No,5.973694121,Technical,56,Mobile
772,No,18.32299609,Business,34,Mobile
773,Yes,17.55873013,Business,44,Mobile
774,Yes,18.0469967,Business,20,Desktop
775,No,20.07305599,Creative,55,Desktop
776,Yes,9.728165397,Business,55,Desktop
777,No,10.52736499,Technical,32,Desktop
778,No,16.18285905,Creative,28,Desktop
779,No,20.87765053,Technical,35,Mobile
780,Yes,21.29166397,Creative,25,Mobile
781,Yes,16.42290572,Technical,47,Desktop
782,Yes,23.12477796,Business,29,Desktop
783,No,3.667595584,Creative,31,Mobile
784,No,17.85098153,Creative,29,Desktop
785,Yes,12.54214241,Business,41,Tablet
786,Yes,11.40280595,Business,35,Desktop
787,No,21.86969564,Creative,54,Mobile
788,No,7.563506138,Business,24,Desktop
789,No,15.07794506,Business,36,Tablet
790,Yes,17.01007546,Creative,55,Tablet
791,No,11.78150479,Creative,22,Desktop
792,No,15.66098925,Creative,42,Mobile
793,No,21.15800984,Technical,23,Mobile
794,Yes,14.94560832,Business,35,Mobile
795,No,15.09631002,Business,50,Tablet
796,Yes,15.23181186,Technical,58,Tablet
797,No,17.79082691,Creative,28,Tablet
798,Yes,12.32795952,Business,40,Mobile
799,Yes,8.74095255,Creative,59,Desktop
800,No,11.83965298,Business,54,Desktop
801,No,12.67819253,Business,55,Tablet
802,No,18.37533029,Technical,27,Mobile
803,Yes,15.83493568,Creative,40,Tablet
804,Yes,20.43497901,Technical,57,Tablet
805,Yes,13.18490391,Technical,23,Tablet
806,Yes,14.21052506,Technical,20,Tablet
807,No,22.22121203,Creative,27,Tablet
808,No,2.68678063,Creative,31,Tablet
809,No,20.20008693,Creative,38,Mobile
810,No,23.48138828,Business,24,Tablet
811,No,14.84573475,Creative,54,Mobile
812,Yes,7.904458264,Technical,22,Desktop
813,No,11.12453114,Business,45,Tablet
814,No,4.51594383,Creative,56,Desktop
815,Yes,10.15485276,Business,30,Mobile
816,Yes,8.614012188,Technical,25,Tablet
817,No,14.0032793,Creative,45,Desktop
818,Yes,10.81189319,Business,28,Mobile
819,Yes,22.76541,Technical,27,Mobile
820,No,19.8744007,Business,30,Desktop
821,Yes,21.31937655,Business,28,Tablet
822,No,12.96046459,Creative,59,Desktop
823,Yes,16.1422257,Creative,30,Desktop
824,No,7.509014592,Technical,52,Desktop
825,No,19.29660498,Business,49,Tablet
826,No,15.13151415,Technical,21,Mobile
827,No,23.66213256,Creative,47,Tablet
828,Yes,10.62669185,Business,50,Tablet
829,Yes,6.816410067,Technical,35,Mobile
830,No,26.52305943,Business,46,Desktop
831,Yes,17.23818756,Technical,40,Tablet
832,No,14.70588965,Technical,26,Mobile
833,No,10.69776023,Creative,35,Desktop
834,No,8.774514597,Business,48,Desktop
835,Yes,14.78674619,Business,43,Tablet
836,Yes,17.04576141,Technical,42,Desktop
837,Yes,15.61136947,Creative,23,Tablet
838,No,8.658996864,Business,40,Tablet
839,Yes,16.27603926,Technical,21,Mobile
840,Yes,14.75465134,Creative,22,Tablet
841,No,24.20187012,Creative,18,Mobile
842,No,26.30890987,Creative,37,Tablet
843,No,1.659047307,Business,31,Mobile
844,Yes,15.25888387,Technical,41,Mobile
845,No,13.04651853,Technical,21,Tablet
846,No,15.51259842,Technical,52,Mobile
847,Yes,16.93100985,Creative,54,Mobile
848,No,7.668780734,Business,50,Desktop
849,Yes,24.15464757,Creative,58,Tablet
850,Yes,13.36765006,Business,24,Desktop
851,Yes,16.47089305,Creative,54,Mobile
852,Yes,11.39174432,Business,30,Tablet
853,No,17.67667987,Business,28,Tablet
854,No,27.00770821,Creative,33,Desktop
855,No,20.03079023,Technical,52,Mobile
856,No,10.30824325,Business,41,Mobile
857,Yes,21.79372674,Creative,47,Desktop
858,Yes,11.05838549,Business,49,Tablet
859,Yes,24.48179092,Business,58,Desktop
860,No,10.82673862,Creative,33,Tablet
861,No,14.55129412,Business,48,Desktop
862,No,18.12090108,Creative,56,Mobile
863,No,21.16745416,Business,44,Mobile
864,No,20.86302195,Business,22,Desktop
865,Yes,20.20828845,Creative,29,Tablet
866,Yes,19.79276175,Creative,47,Tablet
867,No,20.36291281,Creative,38,Mobile
868,No,16.02572979,Creative,58,Desktop
869,No,14.1544324,Technical,26,Tablet
870,No,9.415869689,Creative,29,Tablet
871,No,13.66913249,Technical,38,Tablet
872,Yes,12.92758227,Business,52,Desktop
873,No,17.90344036,Creative,38,Tablet
874,No,20.6533541,Business,24,Mobile
875,Yes,10.76245148,Technical,47,Tablet
876,Yes,12.76773449,Technical,48,Mobile
877,Yes,17.59831707,Creative,54,Mobile
878,No,19.32377748,Technical,52,Desktop
879,No,15.55070571,Creative,21,Tablet
880,No,9.387888206,Business,56,Mobile
881,No,21.71035433,Business,56,Desktop
882,No,6.930483073,Creative,59,Tablet
883,No,13.61562051,Business,32,Tablet
884,No,10.53096151,Technical,22,Mobile
885,Yes,12.18163804,Creative,26,Tablet
886,Yes,15.32572786,Technical,34,Tablet
887,Yes,14.24581133,Business,41,Tablet
888,Yes,19.11319249,Creative,22,Tablet
889,Yes,8.189672684,Technical,31,Desktop
890,Yes,16.73709381,Business,27,Desktop
891,No,14.0637729,Creative,53,Mobile
892,Yes,15.7796625,Business,28,Tablet
893,No,19.84603563,Creative,56,Desktop
894,No,16.82727375,Creative,26,Tablet
895,Yes,4.683380785,Creative,55,Tablet
896,Yes,16.44768989,Technical,19,Tablet
897,Yes,11.04417357,Creative,57,Mobile
898,Yes,15.6920482,Creative,42,Desktop
899,No,20.26083721,Business,46,Tablet
900,No,18.76446782,Business,29,Desktop
901,Yes,12.69210786,Business,34,Mobile
902,Yes,13.6661061,Business,25,Mobile
903,Yes,16.21211539,Creative,23,Desktop
904,No,11.87987091,Creative,29,Tablet
905,Yes,8.771171053,Business,39,Desktop
906,Yes,7.816182951,Technical,35,Tablet
907,No,11.84470338,Creative,58,Mobile
908,No,16.22515535,Creative,22,Mobile
909,Yes,23.49593591,Technical,37,Mobile
910,Yes,18.60990616,Creative,43,Mobile
911,No,18.45846098,Technical,51,Tablet
912,Yes,20.6682827,Technical,22,Tablet
913,No,21.52282663,Technical,57,Tablet
914,No,17.06237574,Creative,49,Mobile
915,Yes,13.13553163,Business,26,Desktop
916,No,18.84147373,Creative,26,Mobile
917,Yes,8.950368719,Business,36,Desktop
918,No,9.065454154,Technical,25,Desktop
919,No,24.89675382,Business,44,Tablet
920,Yes,15.58449861,Business,49,Tablet
921,No,8.835152931,Business,48,Tablet
922,No,20.61519003,Technical,21,Tablet
923,Yes,10.882375,Technical,35,Mobile
924,No,20.09584734,Technical,22,Tablet
925,Yes,20.16060997,Creative,32,Mobile
926,No,9.226834025,Creative,39,Desktop
927,Yes,13.72113823,Creative,23,Mobile
928,No,9.851002074,Creative,47,Tablet
929,No,9.768630449,Technical,43,Mobile
930,Yes,13.82226281,Business,21,Tablet
931,Yes,15.7378864,Business,56,Desktop
932,No,8.134271666,Creative,25,Mobile
933,No,15.34775225,Creative,35,Desktop
934,No,7.702175029,Creative,54,Desktop
935,Yes,12.10049739,Technical,34,Desktop
936,Yes,13.60489451,Technical,55,Tablet
937,Yes,18.34397291,Technical,19,Desktop
938,No,8.539114143,Creative,21,Tablet
939,No,22.39268835,Creative,37,Desktop
940,Yes,19.80442488,Creative,49,Mobile
941,Yes,22.19351543,Business,40,Mobile
942,No,13.94468021,Business,50,Mobile
943,No,5.970443567,Technical,36,Desktop
944,Yes,21.71818703,Creative,53,Mobile
945,No,16.70532356,Creative,34,Desktop
946,Yes,16.67324024,Technical,32,Tablet
947,Yes,14.33375176,Business,52,Mobile
948,No,14.81029302,Creative,44,Mobile
949,No,9.559045957,Technical,54,Tablet
950,No,11.05977894,Technical,35,Tablet
951,Yes,21.14172378,Creative,52,Desktop
952,Yes,16.51607969,Technical,33,Desktop
953,No,11.58271886,Business,32,Mobile
954,No,16.28505192,Business,19,Tablet
955,Yes,12.66382399,Creative,28,Tablet
956,Yes,10.67754462,Business,48,Mobile
957,Yes,13.50979133,Technical,48,Tablet
958,No,12.52791913,Technical,27,Mobile
959,No,0.3556497274,Technical,56,Mobile
960,Yes,17.79573808,Technical,55,Mobile
961,No,17.57170438,Technical,48,Desktop
962,No,14.18953916,Creative,42,Mobile
963,Yes,18.10978322,Business,54,Desktop
964,Yes,16.62343658,Business,18,Tablet
965,Yes,12.88905684,Creative,25,Tablet
966,Yes,20.41012797,Business,20,Tablet
967,No,12.75244388,Business,33,Desktop
968,No,9.183833494,Technical,47,Desktop
969,Yes,12.0167187,Business,40,Desktop
970,No,4.432974402,Business,28,Tablet
971,No,15.49809126,Technical,27,Desktop
972,No,12.72659536,Creative,42,Mobile
973,Yes,14.56860623,Creative,58,Mobile
974,Yes,9.389519462,Creative,47,Tablet
975,Yes,12.74401165,Technical,30,Mobile
976,Yes,17.12228948,Business,31,Tablet
977,Yes,13.23713435,Creative,24,Desktop
978,Yes,9.830616962,Technical,55,Desktop
979,Yes,15.04313655,Technical,42,Mobile
980,No,11.72587714,Technical,23,Tablet
981,Yes,20.787101,Technical,39,Desktop
982,Yes,21.88653371,Business,21,Desktop
983,No,22.78350421,Creative,21,Mobile
984,No,19.55102443,Business,34,Tablet
985,No,11.40992106,Creative,33,Tablet
986,Yes,20.42133853,Technical,48,Desktop
987,Yes,11.75883938,Creative,22,Desktop
988,Yes,9.200057854,Technical,55,Desktop
989,No,14.81262507,Technical,22,Desktop
990,Yes,10.06229539,Creative,57,Mobile
991,No,18.52920203,Creative,44,Mobile
992,Yes,25.71064602,Technical,27,Tablet
993,Yes,15.61671143,Business,34,Tablet
994,Yes,12.78176998,Business,45,Tablet
995,Yes,14.46550939,Creative,20,Tablet
996,No,18.93769304,Business,35,Tablet
997,Yes,23.57674961,Technical,57,Mobile
998,No,18.97338571,Technical,42,Tablet
999,No,13.74278274,Creative,32,Desktop
1000,No,16.15372705,Technical,55,Desktop
1001,Yes,20.97207956,Creative,46,Tablet
1002,Yes,21.31215527,Business,48,Mobile
1003,Yes,13.44215302,Technical,42,Tablet
1004,No,18.042487,Technical,41,Mobile
1005,Yes,15.71498599,Technical,50,Mobile
1006,No,16.81790552,Creative,42,Tablet
1007,Yes,20.9423539,Business,22,Tablet
1008,Yes,14.28185678,Creative,18,Desktop
1009,Yes,16.41277036,Technical,18,Mobile
1010,No,11.58127446,Creative,55,Tablet
1011,Yes,19.69720453,Business,21,Tablet
1012,Yes,17.22228589,Creative,18,Tablet
1013,No,11.60838671,Technical,32,Desktop
1014,Yes,16.30367934,Technical,37,Tablet
1015,No,16.25370372,Creative,45,Tablet
1016,Yes,18.54159842,Creative,31,Mobile
1017,No,21.00128664,Technical,23,Mobile
1018,Yes,13.70888337,Technical,51,Desktop
1019,No,6.214862825,Creative,49,Tablet
1020,Yes,23.6334663,Creative,22,Desktop
1021,No,6.67532167,Creative,31,Desktop
1022,Yes,17.54095418,Creative,54,Mobile
1023,Yes,20.37964589,Business,45,Mobile
1024,No,21.0001145,Business,50,Desktop
1025,No,18.87784912,Technical,49,Desktop
1026,Yes,13.51476001,Business,41,Tablet
1027,Yes,22.43466234,Technical,19,Desktop
1028,Yes,11.12231443,Business,38,Desktop
1029,Yes,24.1891714,Business,53,Tablet
1030,No,14.11078144,Creative,23,Mobile
1031,Yes,10.34928002,Business,30,Desktop
1032,No,14.61623826,Technical,48,Mobile
1033,No,8.94337677,Creative,31,Desktop
1034,Yes,11.20289538,Business,57,Mobile
1035,No,21.42519597,Business,23,Mobile
1036,Yes,17.55399353,Creative,19,Tablet
1037,Yes,15.8094318,Business,56,Mobile
1038,Yes,18.29533232,Creative,53,Tablet
1039,No,11.27107898,Creative,23,Mobile
1040,Yes,20.47745144,Technical,29,Desktop
1041,No,11.25633303,Technical,42,Tablet
1042,Yes,13.82989758,Business,18,Mobile
1043,Yes,24.77907056,Technical,34,Mobile
1044,No,17.32759841,Technical,29,Desktop
1045,Yes,7.477004741,Technical,34,Tablet
1046,Yes,12.85692474,Technical,40,Mobile
1047,No,12.1364476,Technical,59,Tablet
1048,Yes,7.809208562,Creative,36,Tablet
1049,No,13.39260495,Business,49,Mobile
1050,Yes,9.590811419,Creative,57,Mobile
1051,No,12.88469618,Business,42,Mobile
1052,No,17.22079645,Business,57,Mobile
1053,No,23.43593102,Business,48,Mobile
1054,No,15.1573373,Technical,36,Desktop
1055,No,17.30465636,Creative,27,Mobile
1056,Yes,13.07753113,Technical,37,Desktop
1057,Yes,17.54172397,Business,30,Mobile
1058,No,16.80169748,Business,29,Desktop
1059,No,5.114378187,Creative,40,Mobile
1060,Yes,8.30861531,Technical,47,Mobile
1061,Yes,19.85929528,Creative,59,Desktop
1062,Yes,13.41011502,Technical,21,Mobile
1063,Yes,20.92668401,Creative,49,Mobile
1064,No,14.66990774,Technical,56,Tablet
1065,No,18.48873873,Creative,45,Tablet
1066,No,14.67122163,Creative,42,Desktop
1067,No,17.61882479,Business,39,Desktop
1068,No,11.38751738,Business,54,Mobile
1069,No,15.96998534,Business,40,Tablet
1070,No,13.00275151,Creative,27,Tablet
1071,Yes,11.09570082,Creative,59,Mobile
1072,No,15.93596162,Technical,19,Desktop
1073,Yes,17.35652137,Business,21,Mobile
1074,Yes,15.78341477,Technical,55,Tablet
1075,No,13.74915629,Creative,54,Tablet
1076,No,16.52297169,Business,22,Tablet
1077,No,16.54722908,Creative,43,Mobile
1078,No,12.28839571,Technical,41,Tablet
1079,Yes,10.53034115,Business,41,Mobile
1080,Yes,20.14198719,Creative,27,Desktop
1081,No,6.816146386,Creative,57,Tablet
1082,Yes,12.82507516,Technical,42,Tablet
1083,Yes,21.21789027,Technical,34,Mobile
1084,No,14.37336388,Business,36,Mobile
1085,No,14.02082386,Creative,18,Desktop
1086,No,12.02691289,Technical,30,Desktop
1087,No,5.971104606,Creative,58,Desktop
1088,No,13.87897701,Creative,42,Desktop
1089,Yes,14.95809598,Business,58,Tablet
1090,No,18.87815789,Business,30,Desktop
1091,Yes,20.27660361,Technical,23,Mobile
1092,No,21.82531169,Business,41,Mobile
1093,Yes,10.73866385,Creative,59,Tablet
1094,Yes,15.57212646,Technical,41,Mobile
1095,No,14.14901996,Technical,18,Mobile
1096,Yes,19.6000321,Creative,53,Mobile
1097,Yes,18.82479771,Business,18,Tablet
1098,No,23.96997208,Business,43,Tablet
1099,No,2.281917988,Creative,49,Tablet
1100,Yes,10.66939365,Technical,37,Tablet
1101,Yes,16.49915257,Technical,40,Tablet
1102,Yes,17.02083692,Business,44,Tablet
1103,No,13.75147142,Technical,21,Tablet
1104,No,16.46283048,Business,54,Tablet
1105,Yes,8.405268838,Technical,37,Mobile
1106,Yes,14.06303382,Technical,19,Desktop
1107,Yes,16.00390652,Creative,35,Mobile
1108,Yes,19.12952482,Creative,48,Mobile
1109,Yes,8.779616094,Business,30,Tablet
1110,No,16.84123325,Business,25,Tablet
1111,Yes,15.21675742,Business,41,Mobile
1112,No,13.29661629,Business,24,Mobile
1113,Yes,21.29490436,Business,30,Mobile
1114,No,16.04074112,Technical,34,Desktop
1115,Yes,16.47942505,Business,45,Mobile
1116,Yes,22.62051176,Technical,37,Desktop
1117,No,21.26817891,Technical,37,Tablet
1118,Yes,8.723409579,Technical,27,Mobile
1119,No,20.26230289,Technical,22,Desktop
1120,Yes,13.81825766,Business,59,Desktop
1121,Yes,23.9861099,Business,31,Desktop
1122,No,21.54587574,Business,43,Mobile
1123,Yes,17.13851173,Technical,26,Desktop
1124,Yes,23.65233165,Technical,40,Tablet
1125,No,16.92866034,Business,22,Desktop
1126,Yes,22.31323718,Business,54,Tablet
1127,No,9.06560225,Business,22,Mobile
1128,Yes,19.24143376,Business,44,Mobile
1129,No,19.18549334,Technical,43,Mobile
1130,Yes,14.21176406,Technical,55,Desktop
1131,Yes,15.31844259,Creative,21,Tablet
1132,No,10.94027796,Technical,41,Desktop
1133,No,18.56591245,Technical,48,Mobile
1134,No,12.44075999,Creative,43,Mobile
1135,No,18.75575424,Business,56,Desktop
1136,No,18.7823537,Creative,39,Tablet
1137,Yes,24.71018744,Technical,56,Tablet
1138,No,15.79565643,Technical,29,Desktop
1139,Yes,20.35343063,Technical,33,Desktop
1140,Yes,10.11241638,Business,55,Tablet
1141,Yes,19.96854432,Business,53,Desktop
1142,No,22.18629117,Creative,28,Desktop
1143,No,25.67343941,Creative,26,Tablet
1144,Yes,10.93483186,Creative,45,Mobile
1145,No,9.366657391,Business,27,Desktop
1146,No,9.904349933,Creative,41,Tablet
1147,No,19.19450906,Business,25,Mobile
1148,Yes,6.740397389,Technical,43,Mobile
1149,No,17.00641299,Business,23,Desktop
1150,No,11.96935591,Creative,38,Tablet
1151,Yes,13.57725895,Technical,58,Desktop
1152,No,17.63663148,Business,58,Tablet
1153,Yes,26.53867479,Creative,22,Tablet
1154,Yes,13.89298546,Technical,54,Desktop
1155,No,9.347723805,Business,39,Mobile
1156,No,15.17731543,Technical,43,Tablet
1157,No,15.80682595,Creative,46,Mobile
1158,No,19.45392759,Business,55,Desktop
1159,No,15.38873509,Technical,47,Mobile
1160,Yes,19.5724661,Technical,53,Tablet
1161,No,15.57514611,Creative,54,Tablet
1162,Yes,9.243101947,Business,59,Tablet
1163,Yes,19.44576269,Creative,33,Desktop
1164,No,10.6907441,Technical,24,Mobile
1165,No,13.05891478,Business,42,Mobile
1166,No,20.79105216,Technical,25,Desktop
1167,Yes,4.650797413,Technical,31,Tablet
1168,Yes,15.72607912,Technical,58,Desktop
1169,Yes,14.99829184,Technical,29,Desktop
1170,Yes,8.937475761,Business,56,Desktop
1171,Yes,16.46966893,Business,36,Mobile
1172,No,16.38822617,Creative,53,Desktop
1173,No,11.37674654,Technical,54,Desktop
1174,No,8.828178164,Creative,54,Mobile
1175,Yes,19.65082143,Business,43,Tablet
1176,No,7.356744936,Technical,49,Desktop
1177,Yes,11.15700998,Technical,40,Mobile
1178,No,17.33361289,Business,37,Desktop
1179,No,24.79790905,Creative,41,Desktop
1180,No,13.18026729,Creative,24,Desktop
1181,Yes,6.286493749,Business,57,Desktop
1182,Yes,8.632724827,Technical,23,Desktop
1183,Yes,13.6330872,Business,56,Mobile
1184,Yes,15.85902342,Business,50,Mobile
1185,No,14.33542278,Creative,30,Mobile
1186,Yes,13.57636343,Technical,25,Mobile
1187,No,10.0233386,Business,25,Tablet
1188,No,16.53820787,Business,53,Mobile
1189,No,30.34068376,Technical,22,Mobile
1190,No,17.59220978,Technical,46,Tablet
1191,Yes,14.97593362,Business,18,Desktop
1192,No,12.73360858,Creative,54,Desktop
1193,No,14.49548817,Business,41,Desktop
1194,No,20.45648496,Creative,27,Desktop
1195,No,13.0955207,Business,46,Mobile
1196,No,15.02219063,Creative,25,Tablet
1197,No,19.96620523,Technical,48,Mobile
1198,No,13.35358644,Technical,40,Desktop
1199,No,19.16006366,Creative,24,Mobile
1200,No,10.71617884,Business,56,Mobile
1201,Yes,13.71799744,Technical,18,Desktop
1202,No,20.09118675,Creative,41,Desktop
1203,Yes,10.46948668,Technical,31,Desktop
1204,No,25.79584582,Business,39,Tablet
1205,No,14.28767235,Creative,51,Tablet
1206,Yes,2.221829661,Creative,41,Tablet
1207,No,6.305652528,Technical,56,Desktop
1208,Yes,14.84807817,Technical,21,Desktop
1209,Yes,13.93643221,Creative,20,Mobile
1210,No,17.71924845,Creative,54,Desktop
1211,No,19.00937801,Business,42,Desktop
1212,Yes,18.89473378,Creative,26,Mobile
1213,Yes,9.715743332,Business,40,Desktop
1214,No,18.38185897,Technical,26,Desktop
1215,No,15.76262947,Technical,37,Tablet
1216,Yes,21.30321408,Creative,42,Tablet
1217,Yes,17.4679485,Technical,46,Mobile
1218,Yes,16.5613099,Creative,50,Mobile
1219,Yes,15.34512554,Business,53,Tablet
1220,Yes,22.70576226,Business,23,Desktop
1221,Yes,18.01719319,Technical,33,Mobile
1222,No,10.66366651,Technical,18,Mobile
1223,No,14.91755458,Creative,19,Mobile
1224,No,16.02415018,Technical,29,Mobile
1225,No,18.26976068,Creative,33,Desktop
1226,Yes,5.245101574,Creative,19,Desktop
1227,Yes,18.69939749,Technical,22,Mobile
1228,No,14.56305107,Technical,47,Desktop
1229,No,9.651163352,Business,31,Desktop
1230,Yes,17.07004972,Business,48,Desktop
1231,Yes,13.15097954,Business,32,Desktop
1232,No,19.85600897,Creative,42,Desktop
1233,Yes,11.89211531,Creative,24,Desktop
1234,Yes,12.31458375,Business,59,Desktop
1235,Yes,11.91969202,Technical,38,Mobile
1236,No,12.74678677,Business,53,Desktop
1237,Yes,15.61253909,Business,57,Tablet
1238,No,7.840657674,Business,40,Tablet
1239,No,13.18039382,Technical,59,Mobile
1240,No,11.50396054,Technical,23,Mobile
1241,No,14.11986765,Technical,45,Mobile
1242,Yes,18.52761564,Creative,51,Desktop
1243,No,9.193754003,Creative,25,Mobile
1244,Yes,16.55169442,Technical,49,Tablet
1245,Yes,25.12120866,Technical,54,Desktop
1246,Yes,20.80482516,Creative,56,Tablet
1247,Yes,19.21899219,Creative,34,Desktop
1248,No,17.57932697,Business,31,Mobile
1249,Yes,16.60126614,Business,40,Tablet
1250,Yes,12.04732219,Technical,18,Tablet
1251,No,8.248782046,Business,50,Tablet
1252,Yes,16.81468733,Creative,57,Mobile
1253,Yes,15.37263701,Business,58,Desktop
1254,No,8.469675581,Technical,27,Desktop
1255,Yes,25.1072098,Technical,38,Mobile
1256,No,18.7080419,Creative,32,Mobile
1257,Yes,16.502953,Creative,25,Desktop
1258,Yes,10.38462999,Creative,45,Mobile
1259,No,17.63508901,Creative,45,Mobile
1260,No,16.25784129,Business,36,Desktop
1261,No,6.270740326,Creative,27,Mobile
1262,No,17.30120836,Business,51,Desktop
1263,Yes,15.62324495,Technical,24,Tablet
1264,No,7.796542514,Technical,48,Desktop
1265,No,20.7008123,Business,34,Desktop
1266,Yes,22.30351238,Business,36,Mobile
1267,Yes,14.9665501,Creative,53,Mobile
1268,No,16.19159756,Creative,28,Mobile
1269,No,18.16637519,Business,37,Mobile
1270,No,9.985961268,Business,42,Desktop
1271,Yes,17.50619086,Business,34,Tablet
1272,Yes,19.64975373,Technical,31,Tablet
1273,Yes,19.99223883,Creative,23,Mobile
1274,No,30.10886186,Business,37,Mobile
1275,No,14.07429136,Technical,34,Mobile
1276,Yes,23.32902905,Creative,32,Tablet
1277,Yes,14.85329033,Business,53,Mobile
1278,No,12.1570347,Creative,29,Desktop
1279,No,10.9199065,Business,34,Mobile
1280,No,9.024669513,Business,56,Desktop
1281,Yes,13.34721907,Business,36,Desktop
1282,Yes,10.71243245,Technical,47,Mobile
1283,Yes,16.09961717,Creative,55,Desktop
1284,No,18.00378087,Business,46,Tablet
1285,No,11.24679772,Business,40,Desktop
1286,No,19.64221632,Creative,39,Tablet
1287,Yes,13.26740929,Business,40,Desktop
1288,Yes,14.35099388,Creative,51,Desktop
1289,No,17.52332237,Creative,22,Mobile
1290,No,11.14299695,Creative,47,Desktop
1291,No,12.34770058,Business,54,Desktop
1292,No,16.33770391,Business,23,Mobile
1293,Yes,8.361898339,Technical,54,Mobile
1294,Yes,10.45184254,Business,48,Desktop
1295,No,22.04468017,Creative,21,Mobile
1296,No,4.959622647,Business,46,Desktop
1297,No,11.92354923,Business,35,Desktop
1298,No,11.16001554,Technical,18,Tablet
1299,No,10.8369114,Technical,39,Tablet
1300,No,19.25346334,Business,58,Mobile
1301,No,16.88031055,Technical,54,Mobile
1302,No,20.78571551,Creative,32,Mobile
1303,No,18.70165885,Business,42,Mobile
1304,Yes,15.59924429,Business,44,Mobile
1305,No,16.30895374,Business,26,Desktop
1306,Yes,3.629878956,Business,27,Mobile
1307,Yes,17.28928445,Creative,58,Tablet
1308,No,8.685236577,Technical,52,Desktop
1309,Yes,8.317704228,Technical,50,Tablet
1310,Yes,21.01853269,Technical,23,Mobile
1311,No,17.38269899,Creative,54,Mobile
1312,No,17.22101515,Creative,39,Mobile
1313,No,13.71642732,Business,27,Desktop
1314,No,17.92956849,Business,49,Desktop
1315,Yes,12.0053834,Technical,42,Mobile
1316,Yes,12.31175597,Technical,33,Tablet
1317,Yes,11.55007826,Creative,39,Mobile
1318,Yes,15.60308437,Business,31,Mobile
1319,No,23.77073095,Business,24,Desktop
1320,Yes,6.473306388,Business,37,Tablet
1321,No,22.21896049,Technical,25,Tablet
1322,Yes,16.17294669,Creative,36,Tablet
1323,Yes,10.95840466,Business,29,Mobile
1324,No,24.86017097,Business,25,Tablet
1325,Yes,7.364598256,Creative,36,Desktop
1326,No,20.86502818,Technical,39,Mobile
1327,Yes,12.98194838,Business,48,Desktop
1328,Yes,12.0649609,Creative,20,Desktop
1329,Yes,19.97552116,Business,48,Tablet
1330,No,19.06058876,Business,41,Mobile
1331,Yes,-0.2639029119,Technical,27,Mobile
1332,No,7.597544962,Technical,55,Desktop
1333,No,10.70345651,Creative,41,Mobile
1334,No,19.57150078,Business,18,Tablet
1335,No,6.479207052,Creative,31,Mobile
1336,Yes,20.35652219,Business,56,Tablet
1337,No,16.52628196,Creative,56,Desktop
1338,Yes,8.567805406,Technical,39,Mobile
1339,No,13.28195422,Business,56,Tablet
1340,Yes,15.52272305,Business,54,Desktop
1341,Yes,3.140014038,Technical,54,Desktop
1342,No,14.91405089,Creative,25,Desktop
1343,Yes,8.495197763,Business,58,Mobile
1344,Yes,13.88676967,Creative,34,Tablet
1345,Yes,13.13969476,Technical,28,Tablet
1346,Yes,19.60116819,Business,24,Desktop
1347,No,18.7461929,Creative,44,Desktop
1348,No,11.17909118,Technical,34,Mobile
1349,No,17.83432808,Business,24,Desktop
1350,No,10.02093515,Technical,24,Desktop
1351,No,19.30237814,Technical,57,Desktop
1352,No,18.300288,Creative,34,Desktop
1353,Yes,19.11426196,Technical,58,Tablet
1354,Yes,8.990787814,Business,40,Mobile
1355,No,10.47450818,Technical,29,Mobile
1356,Yes,18.58317493,Business,19,Mobile
1357,No,12.1751125,Creative,54,Desktop
1358,Yes,21.47610829,Technical,24,Desktop
1359,No,15.40418089,Business,22,Desktop
1360,Yes,20.75227755,Business,38,Mobile
1361,Yes,15.60119615,Creative,28,Desktop
1362,Yes,13.94224035,Technical,59,Tablet
1363,Yes,6.390266965,Technical,30,Desktop
1364,No,8.791595925,Technical,57,Desktop
1365,Yes,23.15587558,Creative,21,Tablet
1366,No,19.21935305,Technical,33,Desktop
1367,Yes,-1.861925608,Technical,21,Mobile
1368,Yes,17.83564136,Business,35,Tablet
1369,Yes,16.38161377,Business,27,Tablet
1370,No,18.32152599,Creative,36,Tablet
1371,Yes,19.4322215,Business,54,Desktop
1372,No,6.332050185,Business,29,Desktop
1373,No,22.04586752,Technical,20,Desktop
1374,No,7.151286677,Technical,32,Desktop
1375,Yes,7.532809405,Business,38,Tablet
1376,No,16.44752905,Technical,29,Desktop
1377,Yes,20.83980542,Creative,52,Mobile
1378,Yes,9.897672521,Business,52,Desktop
1379,Yes,15.74675702,Creative,42,Tablet
1380,No,24.65893859,Business,58,Tablet
1381,Yes,11.55257148,Business,30,Desktop
1382,Yes,15.71665742,Technical,28,Tablet
1383,Yes,14.69028313,Creative,39,Mobile
1384,No,13.50322303,Creative,30,Tablet
1385,Yes,25.6499094,Technical,27,Desktop
1386,No,22.53854678,Technical,54,Tablet
1387,No,11.60936098,Creative,49,Mobile
1388,No,21.43223255,Technical,18,Mobile
1389,Yes,20.55321913,Business,19,Mobile
1390,No,11.39702744,Creative,47,Mobile
1391,Yes,18.67811759,Business,21,Mobile
1392,No,16.01596656,Creative,49,Desktop
1393,No,16.4712478,Business,51,Desktop
1394,Yes,8.788095883,Technical,55,Mobile
1395,Yes,5.512252902,Business,36,Desktop
1396,Yes,6.590152358,Creative,31,Mobile
1397,No,16.27963556,Business,43,Desktop
1398,No,12.33849889,Business,35,Desktop
1399,No,14.76478473,Business,26,Mobile
1400,No,17.47217879,Technical,23,Tablet
1401,No,11.46613508,Technical,46,Mobile
1402,Yes,14.09823237,Technical,27,Mobile
1403,No,20.33552188,Creative,30,Mobile
1404,Yes,8.26312949,Business,52,Mobile
1405,Yes,14.55846296,Technical,22,Tablet
1406,Yes,21.18109659,Business,39,Mobile
1407,No,7.847830408,Creative,33,Mobile
1408,No,12.45817377,Technical,37,Tablet
1409,Yes,17.65469727,Technical,19,Tablet
1410,No,12.23054312,Technical,28,Tablet
1411,Yes,1.967026656,Creative,23,Desktop
1412,Yes,18.24713917,Creative,46,Desktop
1413,Yes,9.961147401,Technical,56,Desktop
1414,No,11.92520565,Technical,55,Desktop
1415,No,7.71592968,Business,45,Mobile
1416,Yes,12.74398142,Technical,33,Tablet
1417,Yes,13.18305168,Business,44,Desktop
1418,Yes,20.65969185,Creative,20,Tablet
1419,Yes,12.3036084,Technical,19,Mobile
1420,Yes,12.30592787,Creative,31,Desktop
1421,No,13.31305181,Creative,51,Mobile
1422,Yes,19.33838279,Technical,23,Mobile
1423,Yes,11.22562775,Technical,56,Desktop
1424,Yes,24.36225287,Creative,39,Tablet
1425,Yes,18.52606473,Technical,33,Mobile
1426,No,15.68720619,Creative,55,Tablet
1427,Yes,11.56918493,Creative,35,Tablet
1428,No,14.91211334,Technical,54,Mobile
1429,Yes,22.3520371,Creative,45,Tablet
1430,Yes,12.70413959,Creative,54,Mobile
1431,Yes,11.91112231,Business,25,Desktop
1432,No,18.45035103,Business,34,Mobile
1433,Yes,10.2473419,Creative,30,Tablet
1434,No,13.6758485,Technical,38,Desktop
1435,Yes,7.043366876,Business,55,Tablet
1436,Yes,20.08378983,Technical,31,Mobile
1437,Yes,18.85997217,Technical,39,Tablet
1438,Yes,15.64160341,Creative,52,Desktop
1439,No,20.00015859,Technical,48,Desktop
1440,Yes,14.11206543,Technical,59,Tablet
1441,No,17.48521188,Business,31,Mobile
1442,No,15.15564174,Creative,18,Desktop
1443,Yes,9.775225756,Technical,45,Tablet
1444,Yes,19.2175407,Creative,53,Tablet
1445,Yes,6.343871435,Business,53,Tablet
1446,Yes,15.67110287,Creative,24,Tablet
1447,No,14.75515802,Creative,30,Tablet
1448,No,14.63453427,Technical,59,Tablet
1449,Yes,8.397215541,Business,44,Mobile
1450,No,14.59996617,Technical,44,Desktop
1451,Yes,3.173540799,Business,33,Tablet
1452,No,20.00856416,Technical,48,Mobile
1453,No,22.69977509,Technical,55,Tablet
1454,Yes,7.613824932,Business,50,Tablet
1455,No,18.45373716,Technical,18,Mobile
1456,No,10.80717508,Business,44,Tablet
1457,Yes,15.14721356,Technical,50,Mobile
1458,Yes,16.1490928,Technical,54,Tablet
1459,No,13.91311707,Business,25,Tablet
1460,No,17.49436857,Technical,23,Desktop
1461,No,16.24041121,Technical,24,Tablet
1462,Yes,18.09082592,Business,53,Tablet
1463,No,15.82755334,Business,23,Desktop
1464,No,16.55885293,Technical,34,Desktop
1465,Yes,14.7787238,Business,29,Tablet
1466,No,9.5632364,Creative,58,Desktop
1467,Yes,24.65821968,Business,55,Desktop
1468,No,15.53768169,Business,48,Mobile
1469,No,22.69300593,Business,29,Tablet
1470,Yes,17.41414793,Creative,32,Mobile
1471,Yes,17.61656797,Business,20,Tablet
1472,Yes,15.16771775,Technical,49,Mobile
1473,Yes,15.27425049,Creative,59,Tablet
1474,No,30.25090669,Business,18,Tablet
1475,No,-0.8430897899,Business,56,Tablet
1476,No,9.689765266,Creative,21,Tablet
1477,No,16.48244837,Technical,26,Desktop
1478,No,14.33023258,Business,37,Desktop
1479,No,16.90118954,Business,30,Mobile
1480,Yes,18.08864151,Creative,53,Tablet
1481,No,17.60855272,Creative,21,Tablet
1482,No,8.189564313,Business,56,Mobile
1483,No,12.91936689,Business,18,Mobile
1484,Yes,18.19711648,Creative,48,Desktop
1485,Yes,7.887310438,Business,50,Mobile
1486,No,12.08994842,Business,56,Desktop
1487,Yes,5.957748615,Business,42,Mobile
1488,Yes,16.43590232,Business,29,Tablet
1489,No,11.724276,Creative,26,Desktop
1490,No,21.41647125,Business,37,Tablet
1491,No,16.70677706,Creative,45,Mobile
1492,Yes,13.57617523,Creative,30,Mobile
1493,Yes,22.18029048,Creative,32,Desktop
1494,No,18.3640214,Creative,32,Mobile
1495,No,16.91997341,Business,54,Mobile
1496,Yes,14.30662631,Creative,23,Desktop
1497,No,18.89551781,Technical,43,Desktop
1498,No,12.8443145,Creative,40,Desktop
1499,No,10.58251045,Creative,56,Desktop
1500,No,15.73942645,Technical,50,Tablet
1501,No,23.0483585,Business,50,Desktop
1502,No,16.49744163,Technical,37,Desktop
1503,Yes,28.00681474,Technical,22,Tablet
1504,No,15.26616246,Creative,42,Desktop
1505,Yes,22.63295216,Business,53,Mobile
1506,No,10.43404241,Creative,37,Tablet
1507,Yes,15.06093509,Business,56,Tablet
1508,Yes,10.09888225,Business,29,Mobile
1509,Yes,13.14836727,Creative,55,Desktop
1510,Yes,13.24425768,Creative,35,Mobile
1511,Yes,14.76630261,Technical,51,Desktop
1512,Yes,14.22897183,Technical,40,Mobile
1513,No,15.28586046,Technical,51,Desktop
1514,No,21.05909525,Business,27,Tablet
1515,No,9.278546788,Business,49,Mobile
1516,No,23.53759308,Technical,23,Tablet
1517,Yes,17.72120107,Technical,33,Desktop
1518,No,13.23148602,Technical,34,Tablet
1519,No,19.9604791,Creative,18,Desktop
1520,Yes,18.28203862,Creative,38,Mobile
1521,Yes,17.19907826,Technical,21,Tablet
1522,Yes,15.69986714,Business,52,Mobile
1523,No,23.50852784,Creative,43,Tablet
1524,No,11.58330619,Creative,45,Desktop
1525,Yes,17.31418718,Business,47,Desktop
1526,No,17.47935087,Business,42,Mobile
1527,No,23.04837245,Creative,20,Mobile
1528,Yes,20.26248876,Technical,23,Tablet
1529,No,12.82447202,Business,41,Tablet
1530,No,12.7676738,Business,21,Mobile
1531,Yes,17.80613041,Business,51,Mobile
1532,Yes,12.09884843,Business,45,Tablet
1533,Yes,21.10361041,Creative,43,Mobile
1534,No,16.3934692,Technical,53,Desktop
1535,No,14.63616057,Business,38,Desktop
1536,Yes,8.558145931,Technical,45,Mobile
1537,No,21.31586736,Creative,47,Mobile
1538,Yes,6.977438938,Technical,51,Tablet
1539,No,6.498177526,Creative,53,Desktop
1540,No,21.08072327,Technical,20,Desktop
1541,No,12.76360418,Creative,52,Tablet
1542,Yes,16.8463139,Business,18,Desktop
1543,Yes,13.63573458,Creative,37,Desktop
1544,Yes,17.94899871,Creative,30,Desktop
1545,Yes,17.83495278,Creative,45,Desktop
1546,No,15.15917274,Creative,18,Mobile
1547,Yes,10.00259182,Technical,43,Tablet
1548,Yes,12.03880622,Creative,49,Mobile
1549,No,9.954473608,Technical,41,Tablet
1550,Yes,17.49853428,Business,34,Mobile
1551,No,18.41680037,Technical,55,Desktop
1552,Yes,15.79587945,Technical,55,Desktop
1553,Yes,19.27798327,Technical,47,Mobile
1554,Yes,17.53152456,Business,23,Mobile
1555,No,14.67417195,Creative,22,Desktop
1556,Yes,10.49248337,Technical,47,Tablet
1557,Yes,16.13180193,Creative,30,Mobile
1558,Yes,16.79487179,Business,23,Desktop
1559,No,26.60727733,Creative,58,Tablet
1560,No,15.81423596,Business,34,Desktop
1561,No,11.49555052,Creative,39,Tablet
1562,Yes,12.65320606,Creative,42,Tablet
1563,No,20.70069917,Business,28,Mobile
1564,Yes,14.9373601,Business,23,Desktop
1565,No,14.87527849,Creative,31,Tablet
1566,Yes,20.56023791,Business,55,Desktop
1567,No,10.0841311,Technical,41,Desktop
1568,No,10.37424509,Business,29,Desktop
1569,Yes,23.54014491,Creative,37,Desktop
1570,No,16.40827598,Business,32,Tablet
1571,Yes,7.430416266,Technical,31,Mobile
1572,No,13.96147896,Creative,57,Mobile
1573,Yes,23.64378711,Creative,51,Desktop
1574,No,17.31049527,Creative,51,Desktop
1575,No,10.1176147,Technical,24,Tablet
1576,No,8.52933983,Business,56,Tablet
1577,Yes,10.63579988,Creative,42,Mobile
1578,Yes,19.5434707,Business,40,Desktop
1579,Yes,11.28398908,Creative,19,Desktop
1580,No,11.78969642,Creative,32,Mobile
1581,No,15.71827884,Technical,58,Tablet
1582,No,16.35775935,Business,51,Tablet
1583,No,23.21015784,Business,24,Tablet
1584,Yes,12.34732407,Technical,19,Tablet
1585,Yes,10.90878586,Technical,38,Desktop
1586,Yes,14.8412638,Creative,45,Mobile
1587,No,11.84069069,Technical,30,Mobile
1588,Yes,7.961392874,Technical,58,Tablet
1589,No,19.34885865,Business,41,Mobile
1590,No,6.447391457,Creative,30,Tablet
1591,Yes,13.69573314,Business,36,Desktop
1592,No,15.53786318,Technical,20,Desktop
1593,No,19.26608279,Technical,29,Desktop
1594,Yes,6.516152551,Creative,33,Desktop
1595,No,21.97937831,Technical,38,Mobile
1596,Yes,10.80197759,Technical,40,Tablet
1597,Yes,14.55590563,Technical,49,Desktop
1598,No,17.57130431,Business,40,Tablet
1599,No,17.48944472,Business,21,Desktop
1600,Yes,10.0446123,Technical,53,Tablet
1601,Yes,6.368275299,Business,50,Tablet
1602,Yes,19.25446777,Creative,49,Tablet
1603,No,7.999679549,Business,52,Desktop
1604,No,9.690251671,Technical,59,Tablet
1605,No,5.98408864,Creative,45,Mobile
1606,No,11.80627386,Technical,37,Tablet
1607,Yes,16.40759325,Technical,18,Mobile
1608,No,14.94677625,Creative,41,Tablet
1609,Yes,18.80980314,Business,53,Desktop
1610,Yes,12.58664752,Creative,54,Tablet
1611,No,17.97643273,Creative,39,Mobile
1612,Yes,24.59479048,Creative,56,Desktop
1613,Yes,16.66083413,Business,19,Desktop
1614,No,16.60450563,Technical,39,Tablet
1615,Yes,16.09269599,Business,45,Mobile
1616,Yes,9.410851093,Creative,53,Tablet
1617,No,5.75306543,Creative,32,Tablet
1618,No,17.69622909,Creative,43,Desktop
1619,Yes,14.05885145,Creative,30,Mobile
1620,Yes,16.17461112,Technical,34,Tablet
1621,No,13.01996717,Business,56,Mobile
1622,Yes,14.34438528,Technical,25,Desktop
1623,Yes,16.80220866,Technical,52,Desktop
1624,No,16.41689244,Creative,39,Tablet
1625,Yes,9.774234138,Business,35,Mobile
1626,No,22.07632546,Creative,58,Mobile
1627,No,23.33870209,Business,55,Tablet
1628,No,17.51297589,Creative,42,Mobile
1629,Yes,15.87873032,Technical,20,Desktop
1630,Yes,11.60685406,Business,59,Tablet
1631,No,13.39176442,Creative,29,Mobile
1632,No,22.82832589,Creative,24,Mobile
1633,Yes,21.3168298,Creative,28,Desktop
1634,Yes,8.935497245,Technical,30,Desktop
1635,Yes,14.37675274,Technical,47,Desktop
1636,Yes,6.70037494,Creative,28,Mobile
1637,Yes,24.92839888,Business,36,Mobile
1638,Yes,10.25910905,Technical,56,Tablet
1639,Yes,15.04934992,Business,30,Desktop
1640,No,12.35944648,Creative,24,Tablet
1641,No,20.74831378,Technical,45,Desktop
1642,No,17.96501748,Technical,50,Mobile
1643,Yes,18.653181,Creative,38,Tablet
1644,Yes,4.428854872,Business,43,Tablet
1645,Yes,18.97031629,Creative,45,Mobile
1646,Yes,16.19071577,Technical,22,Tablet
1647,Yes,18.99951397,Creative,21,Desktop
1648,No,15.59849376,Technical,46,Mobile
1649,Yes,22.50749853,Business,52,Desktop
1650,Yes,22.87532532,Business,37,Mobile
1651,Yes,22.80201101,Technical,47,Desktop
1652,Yes,8.822101178,Business,57,Tablet
1653,No,12.89062562,Business,54,Tablet
1654,Yes,10.43277303,Technical,42,Mobile
1655,No,22.81097882,Creative,21,Mobile
1656,Yes,13.4826343,Creative,33,Desktop
1657,No,21.51429704,Business,59,Tablet
1658,No,17.54381497,Business,48,Desktop
1659,Yes,18.796936,Technical,55,Tablet
1660,Yes,18.76593368,Business,52,Mobile
1661,No,14.23818101,Technical,33,Tablet
1662,Yes,16.95636576,Creative,20,Desktop
1663,Yes,13.33826038,Technical,41,Mobile
1664,No,20.0567304,Business,31,Tablet
1665,No,7.590842734,Technical,38,Mobile
1666,No,19.53351249,Technical,18,Tablet
1667,No,26.45724065,Creative,46,Desktop
1668,No,18.99544027,Technical,43,Mobile
1669,No,5.920608314,Creative,28,Tablet
1670,Yes,19.77342971,Technical,38,Desktop
1671,Yes,22.45876128,Business,40,Mobile
1672,No,11.75633329,Business,23,Tablet
1673,Yes,13.15254407,Creative,42,Desktop
1674,No,22.710777,Technical,19,Tablet
1675,Yes,3.43890969,Technical,24,Desktop
1676,Yes,17.17850081,Creative,34,Desktop
1677,No,19.75758665,Creative,30,Tablet
1678,No,13.69492388,Technical,43,Tablet
1679,Yes,6.439920967,Creative,28,Mobile
1680,Yes,19.51969671,Technical,32,Tablet
1681,No,11.45097207,Technical,56,Desktop
1682,Yes,15.92552877,Business,41,Mobile
1683,No,9.138519217,Creative,23,Tablet
1684,No,10.46205836,Business,25,Tablet
1685,Yes,9.039642217,Business,29,Desktop
1686,No,18.9109132,Creative,21,Mobile
1687,Yes,15.34849136,Creative,27,Desktop
1688,Yes,24.38312331,Creative,45,Tablet
1689,No,10.55565635,Technical,56,Desktop
1690,Yes,17.27286108,Creative,37,Tablet
1691,No,12.3969899,Technical,48,Tablet
1692,No,19.19003466,Technical,48,Tablet
1693,Yes,12.5566038,Creative,30,Tablet
1694,Yes,13.66907798,Business,41,Tablet
1695,No,11.1001996,Creative,42,Mobile
1696,Yes,12.79157893,Business,48,Tablet
1697,Yes,17.90319152,Technical,34,Desktop
1698,Yes,9.417614128,Creative,41,Mobile
1699,No,20.94417861,Business,35,Mobile
1700,Yes,11.35604677,Technical,41,Mobile
1701,Yes,13.36626444,Creative,46,Mobile
1702,Yes,17.6064061,Technical,55,Tablet
1703,No,18.31433493,Business,32,Tablet
1704,Yes,7.106008478,Business,41,Desktop
1705,No,15.69334175,Creative,43,Mobile
1706,No,29.8290364,Technical,37,Desktop
1707,Yes,11.60277273,Technical,50,Desktop
1708,Yes,13.51745755,Business,22,Desktop
1709,No,19.71599936,Creative,31,Mobile
1710,Yes,15.09765542,Creative,42,Mobile
1711,Yes,12.65303325,Creative,44,Tablet
1712,No,21.35415287,Technical,27,Desktop
1713,No,11.47983997,Technical,45,Tablet
1714,No,20.58265506,Business,37,Tablet
1715,No,-4.7474682,Business,54,Desktop
1716,Yes,14.59354053,Technical,39,Mobile
1717,No,10.91043651,Creative,34,Tablet
1718,Yes,9.416626278,Technical,43,Desktop
1719,No,17.13299393,Creative,27,Desktop
1720,No,18.33450885,Creative,46,Desktop
1721,Yes,17.92418344,Creative,34,Desktop
1722,Yes,21.01804811,Creative,50,Mobile
1723,No,11.10357108,Creative,50,Tablet
1724,Yes,21.89765344,Creative,48,Tablet
1725,No,3.571079782,Technical,58,Tablet
1726,Yes,20.85789924,Business,33,Tablet
1727,Yes,9.440867631,Creative,32,Tablet
1728,No,10.68350849,Technical,56,Desktop
1729,Yes,14.98249609,Creative,39,Tablet
1730,No,5.463542841,Business,44,Tablet
1731,Yes,14.17420045,Technical,25,Tablet
1732,Yes,16.13520225,Business,55,Tablet
1733,No,12.78277487,Business,18,Desktop
1734,No,12.0761642,Technical,40,Mobile
1735,Yes,20.69705625,Technical,39,Desktop
1736,No,19.83763221,Technical,43,Desktop
1737,Yes,14.62750628,Creative,42,Tablet
1738,No,19.15828571,Technical,45,Mobile
1739,Yes,12.08578319,Technical,27,Desktop
1740,Yes,18.92762277,Technical,49,Tablet
1741,No,9.754807968,Business,32,Mobile
1742,Yes,11.13561284,Creative,56,Tablet
1743,No,11.22469936,Business,50,Desktop
1744,No,10.3417156,Technical,44,Tablet
1745,Yes,19.06345209,Technical,30,Desktop
1746,No,13.39479576,Creative,19,Desktop
1747,Yes,18.04919422,Business,53,Desktop
1748,No,11.12340226,Business,33,Tablet
1749,Yes,8.449946564,Creative,20,Tablet
1750,No,21.43405303,Creative,21,Mobile
1751,Yes,17.38118349,Technical,26,Tablet
1752,Yes,10.94423523,Creative,21,Tablet
1753,No,16.16650152,Creative,57,Tablet
1754,No,15.22355274,Creative,56,Mobile
1755,No,5.682081888,Creative,28,Desktop
1756,No,17.28940731,Technical,56,Desktop
1757,No,11.93264017,Technical,34,Tablet
1758,Yes,16.50338766,Technical,56,Mobile
1759,No,23.16483042,Technical,49,Mobile
1760,No,21.14233388,Business,24,Desktop
1761,Yes,15.43249583,Technical,30,Mobile
1762,No,15.61510863,Business,37,Tablet
1763,No,24.0355633,Creative,54,Tablet
1764,No,12.10867906,Business,38,Tablet
1765,Yes,25.5449541,Business,47,Desktop
1766,No,13.59482162,Technical,22,Mobile
1767,No,12.47788856,Technical,22,Mobile
1768,Yes,4.629211167,Creative,19,Mobile
1769,Yes,3.418591013,Business,54,Mobile
1770,No,5.931448274,Creative,26,Tablet
1771,No,23.90921394,Technical,39,Tablet
1772,Yes,11.66075676,Creative,58,Tablet
1773,Yes,17.29163858,Technical,48,Desktop
1774,Yes,19.14577181,Technical,54,Tablet
1775,No,17.89266258,Creative,57,Mobile
1776,No,21.30977324,Business,19,Tablet
1777,No,16.0586635,Business,58,Tablet
1778,Yes,15.72260525,Technical,20,Desktop
1779,No,14.0638788,Technical,54,Desktop
1780,No,18.06707231,Business,59,Tablet
1781,No,17.12130721,Creative,56,Desktop
1782,Yes,16.52103314,Creative,47,Tablet
1783,Yes,9.57640382,Technical,30,Mobile
1784,No,8.82637136,Business,43,Desktop
1785,Yes,10.11507849,Business,44,Mobile
1786,No,15.38773317,Technical,35,Desktop
1787,Yes,15.92454254,Technical,26,Mobile
1788,Yes,9.77645218,Business,56,Mobile
1789,No,14.52821795,Technical,38,Mobile
1790,Yes,10.12882186,Creative,25,Desktop
1791,Yes,17.14079244,Creative,24,Mobile
1792,No,21.43815116,Creative,56,Desktop
1793,Yes,13.980421,Business,39,Desktop
1794,Yes,24.05552109,Business,28,Desktop
1795,Yes,23.22244141,Business,30,Desktop
1796,No,10.77988565,Creative,26,Mobile
1797,Yes,11.34184384,Business,35,Tablet
1798,No,11.97051413,Technical,58,Desktop
1799,No,14.59082239,Technical,30,Tablet
1800,Yes,16.19427717,Technical,46,Desktop
1801,Yes,23.00163914,Business,47,Mobile
1802,Yes,5.489336869,Technical,43,Mobile
1803,No,15.04487827,Creative,33,Mobile
1804,No,16.26211171,Creative,33,Desktop
1805,Yes,10.59515878,Creative,22,Desktop
1806,No,11.77502092,Creative,37,Mobile
1807,No,18.74478357,Business,54,Mobile
1808,No,10.75526817,Creative,30,Tablet
1809,No,9.133640835,Technical,58,Desktop
1810,No,16.29709768,Business,57,Mobile
1811,Yes,27.29895232,Creative,26,Desktop
1812,No,9.25884794,Technical,49,Tablet
1813,No,17.75413944,Creative,32,Desktop
1814,No,17.26922654,Technical,52,Tablet
1815,Yes,13.2667285,Business,25,Mobile
1816,Yes,10.68840235,Technical,46,Mobile
1817,No,13.99996094,Business,54,Tablet
1818,No,12.59296573,Creative,25,Mobile
1819,Yes,17.96461607,Creative,56,Mobile
1820,No,8.630414348,Creative,53,Tablet
1821,No,23.73703719,Creative,53,Mobile
1822,Yes,16.34007278,Creative,51,Desktop
1823,Yes,12.00040167,Business,41,Desktop
1824,Yes,22.54157932,Technical,45,Tablet
1825,No,17.7910247,Business,49,Mobile
1826,No,17.40782652,Business,29,Mobile
1827,No,18.23030499,Creative,37,Desktop
1828,No,19.36663274,Creative,30,Desktop
1829,No,12.84731811,Business,33,Desktop
1830,No,10.68150394,Business,50,Tablet
1831,No,19.20879439,Technical,24,Tablet
1832,Yes,22.84456255,Business,29,Desktop
1833,No,19.0053039,Creative,50,Desktop
1834,No,7.420574528,Creative,59,Tablet
1835,No,20.49181706,Business,50,Mobile
1836,No,17.38723438,Business,26,Tablet
1837,No,14.82613643,Technical,56,Desktop
1838,Yes,20.74090243,Creative,42,Mobile
1839,Yes,14.73303358,Technical,20,Tablet
1840,No,18.42823537,Business,36,Desktop
1841,Yes,16.94629104,Business,41,Desktop
1842,No,16.7989076,Business,53,Tablet
1843,Yes,19.27759894,Creative,38,Mobile
1844,Yes,21.62487375,Business,40,Desktop
1845,No,19.77517121,Business,47,Tablet
1846,No,14.97197046,Technical,59,Mobile
1847,No,11.34977811,Business,52,Mobile
1848,No,17.28169447,Creative,18,Mobile
1849,Yes,19.28860639,Creative,41,Mobile
1850,No,24.05758214,Technical,41,Desktop
1851,No,24.64487914,Business,26,Tablet
1852,Yes,15.30511174,Technical,28,Tablet
1853,Yes,22.15416471,Technical,49,Desktop
1854,Yes,21.74328953,Business,46,Desktop
1855,No,12.70604184,Business,19,Tablet
1856,Yes,13.6007067,Business,21,Mobile
1857,No,12.1559627,Business,40,Desktop
1858,No,13.4208482,Technical,29,Mobile
1859,Yes,10.24972422,Technical,33,Tablet
1860,Yes,19.38396928,Technical,35,Desktop
1861,Yes,24.10305122,Creative,26,Tablet
1862,No,13.9138183,Technical,35,Mobile
1863,No,14.20725743,Technical,36,Desktop
1864,Yes,13.57420429,Technical,59,Tablet
1865,Yes,19.77126514,Business,29,Desktop
1866,Yes,11.47212498,Business,19,Tablet
1867,Yes,23.84519385,Business,28,Tablet
1868,Yes,14.72924118,Technical,42,Mobile
1869,Yes,13.19609464,Business,22,Desktop
1870,No,10.80554486,Technical,54,Desktop
1871,No,15.88354012,Business,29,Mobile
1872,No,13.84652267,Technical,57,Mobile
1873,Yes,11.28225588,Technical,49,Desktop
1874,No,11.02323654,Technical,54,Tablet
1875,No,18.01325445,Creative,30,Tablet
1876,No,22.24553686,Business,19,Mobile
1877,Yes,13.00940375,Technical,39,Tablet
1878,Yes,9.09744385,Business,37,Tablet
1879,No,11.47465388,Business,32,Desktop
1880,Yes,20.90919038,Business,33,Tablet
1881,No,9.139678304,Business,46,Desktop
1882,No,22.44365918,Creative,47,Tablet
1883,No,9.990215958,Business,35,Desktop
1884,Yes,22.56952946,Technical,28,Mobile
1885,No,18.42943246,Technical,52,Desktop
1886,No,22.56885227,Technical,30,Desktop
1887,No,6.697719033,Creative,27,Desktop
1888,No,10.11274923,Creative,22,Desktop
1889,Yes,22.79652291,Business,34,Mobile
1890,No,17.98013132,Creative,23,Desktop
1891,Yes,25.21485558,Creative,26,Tablet
1892,Yes,18.68383741,Technical,55,Tablet
1893,Yes,13.55670831,Business,36,Tablet
1894,No,20.17368362,Creative,20,Desktop
1895,Yes,17.59834511,Technical,58,Desktop
1896,No,16.15758281,Technical,55,Tablet
1897,No,10.18573991,Creative,39,Tablet
1898,Yes,15.3129166,Creative,21,Tablet
1899,No,6.072958623,Business,55,Desktop
1900,Yes,9.394441531,Business,43,Desktop
1901,No,19.80582155,Business,45,Mobile
1902,No,20.06475553,Technical,30,Mobile
1903,No,21.65081301,Technical,25,Tablet
1904,No,12.90338263,Business,31,Mobile
1905,No,18.32860466,Business,47,Tablet
1906,No,8.329127727,Creative,41,Desktop
1907,Yes,22.43748632,Business,39,Mobile
1908,Yes,20.12679934,Technical,24,Tablet
1909,No,15.39807247,Business,47,Tablet
1910,Yes,12.59333259,Technical,52,Mobile
1911,No,14.14216211,Business,59,Mobile
1912,No,19.25238434,Technical,23,Tablet
1913,No,14.08112596,Creative,35,Mobile
1914,Yes,15.97323576,Business,45,Tablet
1915,No,17.0063292,Creative,42,Tablet
1916,Yes,10.93284562,Business,38,Desktop
1917,No,12.22938479,Technical,47,Mobile
1918,No,15.56772784,Business,47,Mobile
1919,Yes,11.59462603,Creative,34,Tablet
1920,Yes,19.08566327,Technical,23,Mobile
1921,Yes,13.58551886,Technical,25,Mobile
1922,No,14.36716384,Technical,53,Tablet
1923,Yes,11.53011952,Business,55,Desktop
1924,Yes,13.02455221,Technical,56,Tablet
1925,No,6.902053043,Business,57,Tablet
1926,Yes,10.27380121,Business,52,Mobile
1927,No,20.92561992,Creative,25,Desktop
1928,No,10.14540783,Technical,45,Mobile
1929,No,16.78336026,Creative,55,Tablet
1930,No,18.63581027,Technical,48,Mobile
1931,No,21.30850913,Business,26,Mobile
1932,No,20.44103022,Business,41,Tablet
1933,No,10.998276,Technical,52,Tablet
1934,No,13.8895968,Business,25,Tablet
1935,Yes,14.22741437,Technical,26,Tablet
1936,Yes,15.27849556,Business,24,Tablet
1937,Yes,18.06835178,Creative,26,Desktop
1938,No,17.09068231,Technical,53,Tablet
1939,Yes,15.17135817,Technical,42,Mobile
1940,No,18.68243949,Business,32,Mobile
1941,Yes,16.01966412,Business,26,Tablet
1942,Yes,8.12455965,Business,34,Desktop
1943,Yes,12.9783152,Business,20,Tablet
1944,Yes,13.97819777,Business,58,Mobile
1945,No,18.93065343,Technical,22,Desktop
1946,No,19.84873251,Technical,54,Tablet
1947,No,15.17180211,Technical,42,Desktop
1948,No,17.73654474,Business,50,Desktop
1949,No,11.11890041,Creative,24,Mobile
1950,Yes,4.253583671,Technical,54,Tablet
1951,Yes,7.957319675,Technical,58,Desktop
1952,Yes,17.66620793,Creative,43,Tablet
1953,No,19.23336804,Business,44,Desktop
1954,Yes,16.04590518,Technical,57,Tablet
1955,No,15.65431507,Creative,46,Tablet
1956,Yes,11.17944837,Business,28,Desktop
1957,Yes,14.20339591,Business,36,Tablet
1958,Yes,8.303986558,Creative,30,Mobile
1959,No,14.96919746,Technical,40,Mobile
1960,No,17.29340441,Creative,33,Desktop
1961,Yes,9.545207037,Technical,44,Tablet
1962,No,18.75678582,Creative,45,Mobile
1963,Yes,19.11667811,Technical,30,Desktop
1964,No,18.38751968,Business,23,Mobile
1965,No,16.99098867,Creative,38,Tablet
1966,No,9.982370366,Technical,26,Desktop
1967,No,19.713113,Creative,58,Desktop
1968,Yes,23.54285276,Technical,29,Mobile
1969,No,10.61742026,Business,22,Mobile
1970,No,10.20305341,Creative,57,Tablet
1971,Yes,21.50915602,Business,40,Desktop
1972,Yes,10.88280789,Creative,22,Desktop
1973,Yes,18.82502746,Technical,51,Mobile
1974,Yes,15.66140374,Technical,41,Desktop
1975,Yes,13.18989557,Creative,45,Desktop
1976,Yes,19.77231886,Technical,56,Desktop
1977,No,22.96508527,Technical,18,Mobile
1978,Yes,19.16271089,Business,35,Tablet
1979,Yes,13.31732379,Technical,43,Mobile
1980,No,18.38096254,Business,23,Desktop
1981,No,18.50427161,Creative,53,Tablet
1982,Yes,23.57220952,Technical,47,Desktop
1983,No,24.07570474,Business,46,Desktop
1984,Yes,11.35562211,Technical,31,Desktop
1985,No,23.16598357,Technical,32,Tablet
1986,Yes,16.47330321,Business,20,Mobile
1987,No,8.417663453,Creative,36,Mobile
1988,No,14.63273127,Creative,33,Desktop
1989,No,18.21564265,Technical,50,Mobile
1990,No,27.76282266,Technical,41,Tablet
1991,Yes,16.33582285,Creative,52,Mobile
1992,Yes,16.78784529,Technical,57,Mobile
1993,Yes,16.52513787,Technical,41,Tablet
1994,No,20.18666183,Creative,32,Desktop
1995,No,11.86161799,Technical,39,Desktop
1996,Yes,11.39167445,Technical,35,Tablet
1997,Yes,19.29660932,Creative,23,Tablet
1998,No,16.22706302,Creative,44,Desktop
1999,Yes,8.270845339,Business,51,Desktop
2000,No,23.93794035,Technical,18,Desktop
2001,Yes,13.39265556,Technical,29,Mobile
2002,Yes,14.28484437,Creative,29,Tablet
2003,Yes,18.25749723,Business,59,Desktop
2004,Yes,15.02669603,Technical,38,Desktop
2005,Yes,15.2522293,Creative,31,Tablet
2006,Yes,12.28545105,Business,59,Desktop
2007,No,10.67603685,Technical,46,Desktop
2008,Yes,7.532347956,Business,19,Desktop
2009,Yes,9.930081064,Business,47,Desktop
2010,Yes,11.69734769,Business,49,Tablet
2011,Yes,14.4628312,Creative,45,Mobile
2012,Yes,13.82745779,Business,35,Desktop
2013,No,12.4054872,Creative,42,Desktop
2014,No,12.42174728,Creative,42,Mobile
2015,Yes,6.433257776,Business,30,Mobile
2016,Yes,19.15063598,Creative,20,Mobile
2017,No,9.112394388,Technical,30,Mobile
2018,Yes,11.80007622,Creative,24,Tablet
2019,Yes,14.949296,Technical,58,Tablet
2020,Yes,15.26699232,Business,31,Mobile
2021,Yes,16.64392088,Creative,57,Tablet
2022,No,11.04078606,Technical,21,Desktop
2023,Yes,10.10533144,Technical,21,Desktop
2024,Yes,24.03100512,Technical,42,Desktop
2025,No,13.05097448,Business,20,Mobile
2026,Yes,21.23723371,Technical,59,Tablet
2027,No,21.36804063,Creative,32,Tablet
2028,Yes,8.752787996,Technical,37,Tablet
2029,Yes,14.07172714,Business,53,Tablet
2030,No,5.224715524,Technical,39,Tablet
2031,Yes,8.693458033,Technical,56,Mobile
2032,Yes,12.87077641,Business,48,Tablet
2033,Yes,18.99925571,Technical,55,Tablet
2034,No,16.80656095,Technical,26,Mobile
2035,No,12.56546296,Creative,49,Tablet
2036,Yes,9.527087135,Creative,46,Desktop
2037,No,6.62192951,Technical,18,Desktop
2038,Yes,14.51607574,Technical,33,Tablet
2039,Yes,16.79582308,Business,42,Desktop
2040,Yes,20.66705087,Creative,44,Desktop
2041,No,17.60213754,Business,43,Mobile
2042,No,13.6370768,Technical,55,Mobile
2043,No,23.43693787,Creative,59,Mobile
2044,Yes,19.2982386,Creative,59,Tablet
2045,No,18.54936509,Business,59,Tablet
2046,Yes,16.06448651,Technical,31,Mobile
2047,No,12.21334179,Business,56,Tablet
2048,No,19.20394569,Business,20,Tablet
2049,Yes,16.87787434,Business,28,Desktop
2050,Yes,13.06200791,Creative,58,Mobile
2051,Yes,18.55315166,Creative,57,Mobile
2052,Yes,10.43700019,Business,40,Mobile
2053,No,7.17271253,Business,27,Tablet
2054,Yes,23.07577726,Creative,21,Mobile
2055,Yes,18.54081354,Creative,25,Desktop
2056,Yes,8.983519064,Business,20,Desktop
2057,No,15.41218543,Technical,26,Desktop
2058,No,20.19202061,Business,42,Tablet
2059,No,12.63518389,Technical,28,Desktop
2060,No,13.8836524,Business,19,Desktop
2061,No,16.62718612,Technical,31,Desktop
2062,No,24.69952907,Technical,43,Mobile
2063,No,16.56686479,Business,37,Desktop
2064,Yes,17.42794548,Business,32,Desktop
2065,No,19.17908088,Creative,22,Desktop
2066,No,13.30864351,Business,25,Tablet
2067,Yes,14.15012538,Business,38,Mobile
2068,No,11.89025609,Business,34,Tablet
2069,Yes,18.06441927,Technical,38,Desktop
2070,Yes,1.83472657,Business,30,Desktop
2071,Yes,18.14366245,Creative,44,Tablet
2072,Yes,15.77176741,Business,20,Mobile
2073,Yes,20.76295185,Creative,26,Mobile
2074,No,16.8541286,Technical,28,Desktop
2075,Yes,10.46784195,Creative,45,Mobile
2076,Yes,10.24437782,Technical,21,Tablet
2077,No,9.574829098,Business,52,Tablet
2078,Yes,15.21943725,Creative,57,Tablet
2079,No,11.26513775,Technical,18,Tablet
2080,No,16.23838821,Business,41,Desktop
2081,No,2.565740361,Creative,57,Desktop
2082,No,17.06827185,Technical,35,Tablet
2083,Yes,18.63662924,Creative,31,Mobile
2084,No,16.63056973,Business,28,Tablet
2085,Yes,21.1845282,Business,40,Tablet
2086,Yes,19.17340814,Creative,57,Tablet
2087,No,16.66769297,Technical,53,Tablet
2088,Yes,15.4403945,Creative,51,Tablet
2089,Yes,13.76325076,Technical,58,Tablet
2090,Yes,20.46091086,Business,55,Mobile
2091,Yes,23.70373952,Business,53,Desktop
2092,No,21.1745939,Creative,40,Tablet
2093,No,13.29156177,Technical,59,Tablet
2094,No,17.51639631,Creative,34,Tablet
2095,No,11.59382408,Technical,18,Tablet
2096,Yes,18.73044489,Technical,32,Mobile
2097,No,21.00439405,Business,22,Mobile
2098,No,15.06023676,Business,46,Tablet
2099,Yes,14.8233579,Technical,38,Mobile
2100,Yes,18.01295241,Technical,49,Tablet